Label,Weight同性恋,1533
喜欢,1210
一个,1147
觉得,844
没有,788
真的,714
up,644
父母,583
我妈,543
接受,534
现在,533
女生,533
知道,509
结婚,477
感觉,476
妈妈,467
支持,434
出柜,433
希望,416
男生,390
可能,388
同性,369
幸福,363
孩子,354
不会,345
这种,320
异性恋,313
朋友,292
不能,287
以后,285
一起,284
应该,281
理解,277
歧视,268
不要,264
其实,263
社会,259
问题,248
已经,236
女孩子,235
很多,230
一直,227
反对,223
异性,220
女朋友,206
性别,204
后来,203
回复,200
正常,193
看到,187
爸爸,184
需要,181
爸妈,178
不想,178
事情,177
不敢,177
加油,176
视频,171
比较,170
婚姻,170
非常,169
生活,168
世界,168
祝福,165
那种,158
以前,149
发现,149
之后,148
选择,147
有点,147
恶心,146
一点,144
温柔,142
一定,140
爱情,138
宣传,138
,135
是不是,133
性取向,130
慢慢,128
拉拉,127
恋爱,125
身边,124
永远,122
两个,120
羡慕,119
一种,119
我爸,118
感情,118
一下,117
谈恋爱,116
之前,113
男朋友,111
关系,111
毕竟,110
想法,106
个人,106
高中,106
对象,105
群体,105
宿舍,105
合法,104
了解,103
这件,102
母亲,102
当时,101
开心,98
一辈子,98
勇敢,98
这是,98
家里,97
骗婚,97
初中,96
反正,96
完全,96
特别,95
有人,95
家长,94
权利,94
确实,94
越来越,93
感动,93
最后,92
家庭,92
单身,91
时间,91
态度,91
正确,91
中国,90
男孩子,90
没什么,89
认为,88
经济,88
gay,88
重要,87
评论,87
告诉,86
家人,86
情况,86
遇到,85
包容,84
女孩,84
阿姨,84
认识,83
双性恋,83
男女,82
尊重,81
平等,81
国家,81
思想,80
存在,80
无关,80
看法,79
能力,79
办法,78
男性,78
独立,77
每个,77
不了,76
真正,76
影响,76
闺蜜,76
人生,75
想要,74
大学,74
好像,73
同意,73
好好,73
直女,73
法律,73
考虑,72
害怕,72
东西,72
容易,72
我会,72
少数,71
相信,71
开明,69
改变,69
目前,69
未来,68
有没有,68
舒服,68
无法,68
一天,66
突然,65
接触,65
面对,65
讨厌,65
UP,65
腐女,65
合法化,65
反应,64
心理,64
现实,63
直接,63
样子,63
不好,62
找到,62
开玩笑,62
能够,62
勇气,61
出现,61
美好,61
有个,61
经历,60
认可,60
学校,60
呜呜,60
第一次,60
不到,59
压力,58
小学,58
问过,58
儿子,58
总是,58
要求,57
出轨,57
经常,57
姐姐,57
可爱,56
同志,56
一生,56
伤害,56
只能,55
承受,55
明白,55
难过,55
努力,55
一句,54
自由,54
变成,54
观念,54
奇怪,54
不行,54
相处,53
本来,53
也许,53
祝你幸福,52
女儿,52
所有人,52
医生,52
观点,52
天生,52
话题,51
真实,51
阿婆,51
愿意,50
家里人,50
父亲,50
大概,50
成为,50
爸爸妈妈,50
室友,50
自我,50
失望,50
男人,50
得到,49
同学,49
心里,49
下去,48
讨论,48
痛苦,48
心理医生,48
百合,48
表示,47
每次,47
文化,47
很难,47
love,46
真心,46
一次,46
漂亮,46
女性,46
钢铁,46
看看,45
几个,45
身上,45
过来,45
行为,45
传统,44
将来,44
肯定,44
离开,44
赞同,44
意义,44
试探,44
反感,44
不同,44
看见,43
坦白,43
三观,43
眼光,43
小时候,43
错误,43
谈过,42
开放,42
清楚,42
保护,42
普通,42
只会,42
谢谢,42
至少,42
起来,42
整个,42
之间,42
说实话,42
不婚,42
种族,42
真是,41
导致,41
感受,41
成功,41
决定,41
尤其,41
曾经,40
生子,40
还好,40
伟大,40
所谓,40
看待,40
担心,39
最好,39
轻松,39
听到,39
一件,39
无性,39
照顾,39
承认,38
阿爸,38
同样,38
大部分,38
意思,38
...,38
到底,38
阳光,38
产生,38
没人,38
耽美,38
角度,38
老公,38
看不惯,38
吃饭,37
多年,37
感到,37
发展,37
这句,37
我家,37
那天,37
异样,37
很大,37
健康,37
好看,37
想想,37
作品,37
认知,37
年龄,36
不用,36
根本,36
时代,36
真爱,36
爱人,36
恶意,36
看着,35
抱抱,35
无所谓,35
准备,35
差点,35
找个,35
意识,35
可怕,35
厌恶,35
每天,35
环境,35
男同,35
说话,34
记得,34
放心,34
快乐,34
坚持,34
医院,34
表现,34
哈哈哈哈,34
道德,34
情侣,34
弹幕,34
外表,34
问问,34
人类,34
是因为,33
打算,33
必要,33
拥有,33
必须,33
老师,33
明明,33
包括,33
原因,33
保持,33
印象,33
les,33
20,33
一年,32
催婚,32
教育,32
小说,32
交流,32
排斥,32
相爱,32
亲密,32
后面,32
初一,32
今年,32
兴趣,32
段时间,32
最大,32
应当,32
管理员,32
严肃,31
伴侣,31
稳定,31
泪目,31
真好,31
有时候,31
追求,31
双方,31
回来,31
一张,31
性格,31
现象,31
看过,30
天天,30
从小,30
大多数,30
建议,30
担忧,30
难受,30
好羡慕,30
好多,30
倾向,30
另一半,30
头发,30
陪伴,30
干涉,30
人过,30
整天,30
表情,30
内心,30
延续,30
任何人,30
初三,30
算是,30
几乎,29
估计,29
不错,29
反驳,29
没关系,29
主流,29
孤独,29
认同,29
聊天,29
沟通,29
联系,29
长大,29
政治,29
女同,29
异类,29
emmm,29
骚扰,29
妹子,29
障碍,29
认定,29
一部分,29
彩虹,29
找对象,28
带回家,28
期待,28
解释,28
面前,28
我要,28
cp,28
丁克,28
老一辈,28
进来,28
年轻人,28
取向,28
条件,28
关注,28
成熟,28
做法,28
同性恋者,28
发生,27
日子,27
哈哈哈,27
就行,27
分手,27
从来,27
不在乎,27
违背,27
想象,27
母胎,27
生物学,27
声音,27
繁衍,27
柔弱,27
思考,26
年纪,26
工作,26
做好,26
出生,26
老婆,26
超级,26
周围,26
儿女,26
区别,26
固执,26
出去玩,26
初恋,26
女人,26
属于,25
还会,25
部分,25
实在,25
几年,25
带我去,25
优秀,25
麻烦,25
立法,25
证明,25
多数,25
无论是,25
代孕,25
结束,24
离婚,24
国内,24
ta,24
提到,24
太好了,24
方式,24
后悔,24
一对,24
这辈子,24
被迫,24
明天,24
竟然,24
为啥,24
很少,24
拒绝,24
绝对,24
里面,24
解决,24
伤心,24
基本,24
毫无,24
不必,24
平常,24
值得,24
不太,23
简单,23
txl,23
成年,23
我怕,23
允许,23
啊啊啊,23
太难,23
我能,23
在意,23
佩服,23
更好,23
毕业,23
尝试,23
宽容,23
方面,23
敏感,23
聊过,23
有病,23
同妻,23
接受度,22
早就,22
想到,22
幸运,22
随便,22
一边,22
完整,22
对错,22
基因,22
好好学习,22
年代,22
推荐,22
咋办,22
长得,22
舍友,22
普通人,22
班主任,22
处于,22
大众,22
价值,22
发表,22
争取,22
平权,22
受不了,21
男生女生,21
残酷,21
鼓励,21
地方,21
想着,21
忍住,21
到时候,21
主要,21
弟弟,21
怀疑,21
话语权,21
想起,21
相亲,21
重点,21
造成,21
指责,21
没法,21
身份,21
原来,21
三个,21
很长,21
生物,21
自杀,21
十分,21
资格,21
建立,21
刻板,21
语言,21
理想,21
寝室,21
女同性恋,21
好帅,21
自然规律,21
耐心,20
养老,20
封建,20
遇见,20
无奈,20
余生,20
不好意思,20
互相,20
合适,20
慢慢来,20
不结,20
天地,20
刻意,20
鸡皮疙瘩,20
友好,20
超过,20
女性化,20
词汇,20
早恋,20
不安,20
全程,20
管不着,20
早期,20
活动,20
指指点点,19
城市,19
圈子,19
子女,19
不分性别,19
自然,19
坚决,19
不够,19
好奇,19
做出,19
我过,19
理由,19
与众不同,19
义务,19
描述,19
文学,19
心动,19
打扮,19
后代,19
好点,19
满意,19
分类,19
班里,19
有空,19
直到现在,19
显得,19
从来不,19
DD,19
第二代,19
先说,19
中意,19
男生追,19
和解,19
墙上,19
合理,19
国际,19
不算,19
过去,18
更加,18
偏见,18
老爸,18
当成,18
回家,18
介意,18
确定,18
身体,18
姐妹,18
带来,18
小孩,18
形婚,18
彻底,18
不去,18
没想,18
依然,18
接纳,18
适合,18
学习,18
可靠,18
恋情,18
2020,18
嫁人,18
男子气,18
女票,18
长发,18
举报,18
辅导员,18
词来,18
暧昧,18
游戏,18
23,18
班长,18
压抑,18
矫情,18
申请,18
不变,18
嗦,18
娱乐,18
过不去,18
给钱,18
嫂嫂,18
相互,18
蕾丝,18
误解,18
不少,17
高三,17
隐瞒,17
晚上,17
主是,17
情感,17
引导,17
不可,17
一下子,17
说明,17
旁敲侧击,17
公平,17
80,17
表明,17
宣扬,17
大多,17
负责,17
状态,17
对不起,17
冷静,17
千万,17
一段,17
艰难,17
扮演,17
轻易,17
帅气,17
违反,17
背后,17
和谐,17
高知,17
地位,17
美国,17
少女,17
抬高,17
艾滋,17
总会,16
科普,16
变态,16
昨天,16
干嘛,16
高一,16
久久,16
标题,16
价值观,16
可惜,16
你好,16
生育,16
坦然,16
保守,16
意见,16
变得,16
小姐姐,16
亲人,16
没用,16
过分,16
天性,16
成长,16
研究,16
农村,16
爱好,16
大学毕业,16
耳洞,16
标签,16
逻辑,16
我国,16
米饭,16
终于,15
姥姥,15
或许,15
眼泪,15
人能,15
居然,15
过程,15
很棒,15
是否,15
道理,15
手机,15
说出,15
再也,15
不让,15
珍惜,15
10,15
上面,15
否定,15
两年,15
灌输,15
好感,15
一段时间,15
强迫,15
作用,15
叫做,15
外人,15
40,15
涉及,15
亲友,15
婚姻法,15
LGBT,15
第一,14
道路,14
过得,14
平安,14
遭到,14
这条,14
眼睛,14
在我看来,14
同事,14
评价,14
控制,14
看得,14
孙子,14
马上,14
传宗接代,14
坚定,14
上学,14
生理,14
心理压力,14
习惯,14
不太能,14
左右,14
弹泥,14
方向,14
不说,14
搬出去,14
纠结,14
女友,14
做到,14
生命,14
安全感,14
放下,14
激动,14
忽然,14
害羞,14
只想,14
繁殖,14
放在,14
正在,14
聊聊,14
浪漫,14
当做,14
一场,13
学生,13
聪明,13
点个,13
坚信,13
终老,13
房子,13
回答,13
回去,13
点赞,13
出去,13
独身,13
进化,13
活着,13
这方面,13
敬佩,13
一瞬间,13
19,13
长长,13
尴尬,13
主义者,13
阻止,13
交往,13
qwq,13
难道,13
冲动,13
矛盾,13
说不定,13
剩下,13
偷偷,13
故意,13
没谈过,13
是从,13
去年,13
五年,13
打开,13
脑子,13
纯粹,13
不在意,13
男同性恋,13
具体,13
最终,13
21,13
只不过,13
光明正大,13
误导,13
坦诚,13
目光,13
过于,13
人性,13
不得不,13
长时间,13
要说,13
喜好,13
称为,13
规定,13
性向,13
符合,13
断子绝孙,13
素质,13
自然界,13
不知,13
家暴,13
进步,13
is,13
置顶,12
平静,12
差不多,12
往往,12
帮助,12
事实,12
没事,12
高二,12
大二,12
铺垫,12
大不了,12
顺利,12
闺女,12
前提,12
正大光明,12
恭喜,12
保证,12
帅哥,12
一巴掌,12
太多,12
没有勇气,12
半天,12
脾气,12
诉说,12
无意,12
99,12
卧槽,12
疑惑,12
对话,12
很快,12
二十年,12
动心,12
会想,12
反同,12
一大,12
几句,12
丧失,12
危险,12
利益,12
谨慎,12
人格,12
女同学,12
一篇,12
前途,12
外面,12
偶尔,12
从不,12
刺激,12
封面,12
达成,12
校园,12
欺凌,12
吸引,12
见到,12
25,12
最近,12
闭嘴,12
继续,12
偏同,12
烦恼,12
感触,12
欣慰,12
未成年,12
不幸,12
值得尊重,12
一位,12
确认,12
类型,12
忠诚,12
付出,12
一面,12
心思,12
基佬,12
下一代,12
北方,12
满足,12
透露,12
卖腐,12
世上,12
兄弟,12
三年,12
依旧会,12
单独,12
婚恋观,12
治疗,12
共度,12
男孩,12
对同,12
疾病,12
可耻,12
权益,12
Love,12
保障,12
幼稚,11
单纯,11
很酷,11
亲戚,11
理性,11
房间,11
意外,11
首页,11
心疼,11
小心翼翼,11
六年级,11
过好,11
网上,11
其他人,11
失败,11
类似,11
哥们,11
这位,11
异常,11
懂得,11
非要,11
携手,11
家门,11
好棒,11
第二天,11
上来,11
主说,11
一条,11
境地,11
台湾,11
概率,11
60,11
离世,11
灵魂,11
达到,11
依赖,11
温水,11
底气,11
善意,11
我长,11
进行,11
距离,11
照片,11
叛逆,11
强硬,11
发现自己,11
五年级,11
考试,11
女子,11
算不算,11
迷惑,11
网络,11
陷入,11
坚持下去,11
媒体,11
扩大,11
依靠,11
班有,11
嫁给,11
相反,11
潜意识,11
人物,11
视为,11
多点,11
没想到,11
维持,11
暴露,11
重男轻女,11
默默,11
青春期,11
给出,11
漫画,11
生怕,11
渴望,11
太棒了,11
老实,11
终究,11
说白了,11
我特,11
患者,11
完美,11
拿来,11
搞笑,11
一口,11
冲击,11
守护,11
风气,11
事实上,11
乱七八糟,11
安全,11
图片,11
眼中,11
经济基础,11
不论是,11
深刻,11
定位,11
嫌弃,11
具备,11
大胆,11
很想,11
上床,11
形象,11
压垮,11
辜负,11
单亲,11
不要脸,11
就别,11
争议,11
一步步,11
理论,11
电视剧,11
留给,11
不怎么,11
要命,11
交给,11
男女平等,11
前年,11
高贵,11
一视同仁,11
实现,11
发声,11
爱上,11
正常人,11
公众,11
获得,11
http,11
主义,10
研究生,10
关心,10
辛苦,10
今天,10
看成,10
接下来,10
温暖,10
别哭,10
哥哥,10
几天,10
各种各样,10
避讳,10
善解人意,10
bgm,10
门当户对,10
往前走,10
带到,10
气死,10
高考,10
掐死,10
一眼,10
床上,10
说些,10
uo,10
察觉到,10
无数次,10
一辈,10
拆散,10
当初,10
假扮,10
赶出去,10
xing,10
维系,10
亲密关系,10
有点像,10
注意力,10
等等等等,10
考验,10
表达,10
年轻,10
固有,10
异地,10
很能,10
始终,10
动手,10
热评,10
都还没,10
恐慌,10
随意,10
solo,10
短发,10
发型,10
神经质,10
愉快,10
平常人,10
无权,10
直男直,10
殴打,10
公布,10
偷偷摸摸,10
显然,10
羞愧,10
友谊,10
对面,10
隔壁,10
时期,10
碰巧,10
世间,10
头疼,10
28,10
题外话,10
抑郁症,10
毛君,10
网恋,10
芬芳,10
场合,10
深知,10
冒犯,10
影视,10
顺遂,10
没敢,10
有情人,10
一周,10
玩具,10
身材,10
干扰,10
灰色,10
地带,10
nt,10
大大咧咧,10
第一种,10
不自在,10
硬生生,10
来源,10
愤怒,10
领域,10
侵犯,10
克制,10
TA,10
心意,10
结晶,10
跳楼,10
生日,10
前天,10
暴跳如雷,10
过度,10
搞清楚,10
坚强,10
呵护,10
品质,10
男性化,10
民族,10
惊呆,10
大三,10
淡定,10
完婚,10
做错,10
欣赏,10
占多数,10
指路,10
消息,10
改不了,10
避开,10
岁数,10
回应,10
不愿,10
无话可说,10
与生俱来,10
同龄,10
全校,10
知晓,10
小圈子,10
社会群体,10
收入,10
皆大欢喜,10
纸片,10
外婆,10
压着,10
路人,10
一纸,10
婚书,10
设想,10
看作,10
地区,10
退步,10
人设,10
包容性,10
有助于,10
看不起,10
议论,10
发小,10
格格不入,10
无法忍受,10
口音,10
宝宝,10
差距,10
情形,10
高高在上,10
招来,10
轻视,10
嘲讽,10
小城镇,10
负罪感,10
冲淡,10
之外,10
就读,10
英国,10
留学,10
新生,10
开学,10
却说,10
暗送秋波,10
又告,10
自恋,10
这期,10
造型,10
两三,10
打游戏,10
搬走,10
饶恕,10
原则性,10
战略,10
Mr,10
Ms,10
RIGHT,10
言情,10
起点,10
定向,10
输出,10
青蛙,10
歪理,10
想先,10
凉拌,10
挺迷,10
平和,10
没底,10
阿毛,10
裙子,10
惧怕,10
世纪,10
非得,10
癌症,10
靠着,10
不断,10
差别,10
缺陷,10
相关,10
权力,10
人群,10
代表,10
人口,10
衣服,9
认真,9
顿饭,9
或多或少,9
爆哭,9
四个,9
断绝关系,9
下来,9
不生,9
精神,9
机会,9
激烈,9
提倡,9
莫名,9
看不懂,9
六岁,9
欺骗,9
真无语,9
正经,9
讽刺,9
打字,9
感谢,9
算了,9
我姐,9
窒息,9
来看,9
回过,9
就行了,9
面子,9
互不干涉,9
思维,9
复杂,9
老人家,9
礼貌,9
一份,9
不要紧,9
死活,9
2021,9
买书,9
几岁,9
灰暗,9
无缘无故,9
破灭,9
征兆,9
温和,9
软弱,9
孤立无援,9
跟踪,9
骂人,9
家属,9
每每,9
颇深,9
08,9
天真,9
痛打,9
软禁,9
学费,9
奔波,9
约个,9
更长,9
扶持着,9
腐男,9
劝告,9
心智,9
我同,9
我酷,9
发量,9
惊人,9
爱才,9
不上,9
TM,9
呕吐,9
博人,9
眼球,9
一人要,9
会住,9
走廊,9
飘飘,9
举报人,9
个性,9
妈丫,9
一身,9
精子,9
捐献,9
现今,9
换过来,9
照样,9
同给,9
口臭,9
细腻,9
并不大,9
物质基础,9
说点,9
要挟,9
主鸭,9
毕生,9
别拉上,9
字会,9
反省,9
e人用,9
7.8,9
另有其,9
大行其道,9
举止,9
斯文,9
看不出来,9
了不起,9
偏女,9
挑破,9
那件事,9
这部分,9
瞎说,9
帅得,9
旁桌,9
就学,9
再也不能,9
座位,9
情密,9
形影不离,9
目送,9
再谈,9
寡王,9
我奶,9
注重,9
香火,9
相差,9
甚远,9
产物,9
回报,9
无限,9
男同学,9
肉体,9
肌肉男,9
魂不守舍,9
魂牵梦绕,9
胡思乱想,9
无助于,9
吃得饱,9
族群,9
要点,9
英气,9
娇小,9
说个,9
百分之八十,9
先别,9
孤儿,9
福利院,9
同化,9
胆小怕事,9
本事,9
高冷,9
粘着,9
注孤生,9
同和异,9
颜狗,9
巨多,9
大老爷们,9
不能不要,9
男像,9
女碍,9
我脏,9
剪短,9
一副,9
面瘫,9
不来,9
例假,9
人妖,9
小辫子,9
sb,9
归类,9
装扮,9
浑身,9
涉入,9
陪你走,9
安稳,9
没差,9
相通,9
纸糊,9
分道扬镳,9
没多大,9
我用,9
疼爱,9
五六个,9
说说笑笑,9
主导,9
花心,9
对抗,9
留长,9
唯美,9
厕所,9
手拉手,9
拿到,9
会上,9
恶毒,9
太久,9
二十六岁,9
车库,9
抵抗,9
迪斯尼,9
顺顺利利,9
男女授受不亲,9
严令禁止,9
马不停蹄,9
处得,9
吐血,9
刺痛,9
在座,9
自性,9
多愁善感,9
阳刚,9
修炼,9
只会变,9
天问,9
他帅,9
凌乱,9
花里胡哨,9
弯弯绕,9
稀奇古怪,9
一大帮,9
一帮人,9
附和,9
但会,9
害群之马,9
致病,9
病毒,9
慢性,9
转学,9
南方,9
物理,9
掰直,9
几十秒,9
奇怪的是,9
我拉着,9
vlog,9
亲眼看到,9
冲击力,9
轻松愉快,9
出柜来,9
毫不,9
能过,9
不太想,9
我结,9
必需,9
认真对待,9
沉淀,9
真理,9
鞭尸,9
特此,9
声明,9
顺意,9
惴惴不安,9
已知,9
转变,9
诸多,9
在短期内,9
流动,9
妄图,9
挺直,9
左撇子,9
右撇子,9
特征,9
增添,9
别找我,9
定性,9
妹纸,9
相投,9
挺不错,9
功底,9
第三方,9
一块儿,9
shabby,9
好似,9
往事,9
云淡风轻,9
腐成,9
七年级,9
自我感觉,9
御姐,9
帮帮我,9
电脑,9
改过来,9
躲开,9
躲来躲去,9
广东话,9
痴线,9
女仔,9
gl,9
长佩,9
晋江,9
人想,9
几对,9
大体上,9
其他同学,9
避而远之,9
扩展,9
不管怎么,9
没太大,9
单到,9
赞留,9
个币,9
地谈过,9
木有,9
爱会,9
那面,9
balabala,9
enmn,9
晚安,9
混住,9
脏话,9
更乱,9
细品,9
合乎,9
于理,9
并不一定,9
无关紧要,9
象征,9
反尔,9
政客,9
炒热,9
从古至今,9
读过,9
立心,9
为生,9
立命,9
圣继,9
绝学,9
万事,9
太平,9
狠狠心,9
主角,9
广阔,9
性幻想,9
咱俩,9
太像,9
两岁,9
财富,9
挤眼,9
深切,9
含蓄,9
没点,9
放松,9
颜性,9
钢筋,9
三年级,9
二十几年,9
看电视,9
要生,9
还生,9
心愿,9
搞不懂,9
模样,9
角色,9
跨越性,9
前夫,9
兄弟姐妹,9
推崇,9
叭叭,9
百年,9
男癌,9
格外,9
善良,9
因素,9
知识,9
自私,9
工具,9
事物,9
依旧,9
11,9
早日,9
贬低,9
微凉,9
民法典,9
公开,9
实际上,9
组织,9
拥抱,9
艾滋病,9
平常心,9
投票,9
后果,8
眼里,8
心情,8
难以,8
尽量,8
成年人,8
数据,8
提过,8
多次,8
难得,8
请问,8
微信,8
形式,8
理智,8
强大,8
婚礼,8
足够,8
语气,8
小孩子,8
严重,8
祝你们,8
老人,8
夫妻,8
抑郁,8
偏激,8
反复,8
减少,8
我哥,8
恋人,8
攻击,8
像是,8
眼神,8
国外,8
一时,8
认知障碍,8
前车之鉴,8
我连恋,8
俩家,8
小不点,8
靠你了,8
大姐,8
宝藏,8
阿毛君,8
实则,8
一脸,8
兴奋,8
很漂亮,8
康康,8
美死,8
太直,8
中看,8
流下,8
热泪,8
女鹅,8
花边,8
大阿毛君,8
我谈,8
一阵,8
寂静,8
你结,8
秘方,8
忐忑不安,8
有位,8
配不上,8
院长,8
无论谁,8
复婚,8
那能,8
纹身,8
相伴,8
办成,8
黄诗,8
MV,8
一拜天地,8
收养,8
亲生,8
离过婚,8
忘不了,8
要死,8
solo21,8
忧愁,8
别瞎想,8
心仪,8
过想,8
传说,8
春心,8
萌动,8
怀春,8
扪心自问,8
全妮玛,8
一对一,8
努力做到,8
点评,8
气大,8
发个,8
显着,8
任何事物,8
逃不脱,8
两字,8
脸上,8
挑刺儿,8
赶出来,8
病房,8
帮不了,8
一死,8
两腿,8
一伸,8
放浪形骸,8
谨小慎微,8
大哥,8
我妹,8
有直,8
留言,8
浪费,8
南理工,8
挺开,8
主赶,8
赶出,8
主和,8
向上,8
片场,8
冲突,8
特殊,8
逃避,8
心理咨询,8
后天,8
普及,8
全国,8
性伴侣,8
言论,8
阴阳怪气,8
不再,8
何必,8
震惊,7
平时,7
承担,7
介绍,7
困难,7
救命,7
仅仅,7
赚钱,7
一半,7
大人,7
我,7
维护,7
玩笑,7
几次,7
叔叔,7
下面,7
或者说,7
前面,7
说服,7
得不到,7
十年,7
刚好,7
柜子,7
不出,7
妥协,7
养老院,7
目的,7
责任,7
关键,7
试图,7
一方,7
分享,7
卜姐,7
说法,7
例子,7
牵手,7
lgbt,7
对性,7
违法,7
盲目,7
恐同,7
听说,7
好难,7
没错,7
想过,7
一代,7
这类,7
定义,7
国情,7
绑架,7
生气,7
平衡,7
普遍,7
无知,7
之分,7
伦理,7
潮流,7
关乎,7
正视,7
婚姻家庭,7
财产,7
全世界,7
com,7
敢于,7
侮辱,7
传播,7
这份,7
纪录片,7
忘记,6
猜出来,6
一步,6
不该,6
谩骂,6
女方,6
沉默,6
暗示,6
一把,6
称呼,6
一顿,6
不住,6
意愿,6
打断,6
正好,6
明显,6
内容,6
早点,6
打死,6
简直,6
世俗,6
好想哭,6
哪有,6
幸福生活,6
情绪,6
可怜,6
现状,6
00,6
吵架,6
重新,6
负担,6
监护人,6
逼婚,6
说真的,6
事儿,6
长期,6
明确,6
毛病,6
亲亲,6
白菜,6
有钱,6
一点点,6
带坏,6
出国,6
提了,6
心态,6
17,6
18,6
疯狂,6
暗恋,6
老妈,6
立场,6
30,6
志愿者,6
一群,6
清晰,6
洗脑,6
信息,6
一块,6
总有一天,6
消化,6
自卑,6
推动,6
出色,6
伙伴,6
人有,6
更大,6
不配,6
厉害,6
等于,6
2019,6
否认,6
动物,6
政策,6
ok,6
领养,6
本质,6
邮轮,6
坦坦荡荡,6
任重道远,6
馒头,6
打扰,6
人人平等,6
爱是,6
大陆,6
人权,6
草案,6
诋毁,6
恰好,6
接吻,6
汉服,6
骗子,6
一遍,6
提出,6
好人,6
组配,6
一片,6
成立,6
伪腐,6
cn,6
赋予,6
人民,6
体现,6
真棒,6
恋童,6
外国,6
私信,6
牡丹江,6
乱搞,6
生育率,6
猜到,5
期望,5
辩论,5
崆峒,5
注意,5
稍微,5
抱歉,5
十几年,5
那一刻,5
瞬间,5
通讯录,5
两边,5
无感,5
发了,5
出,5
大声,5
开口,5
分开,5
带有,5
正式,5
古代,5
祝愿,5
幸福快乐,5
不正,5
新闻,5
放弃,5
甜甜的,5
强烈,5
聊到,5
提前,5
专业,5
安全措施,5
神仙,5
活在,5
媳妇,5
表白,5
赞成,5
去世,5
遭受,5
试探性,5
陌生人,5
人才,5
恩爱,5
流行,5
恨不得,5
残忍,5
常见,5
表面,5
必然,5
欲望,5
上班,5
好事,5
不太好,5
典型,5
后续,5
谈论,5
一致,5
委屈,5
耽误,5
着急,5
第二,5
事件,5
前任,5
回事,5
假装,5
碰到,5
有过,5
加入,5
朋友圈,5
容易接受,5
爆炸,5
逼迫,5
独身主义,5
打击,5
精神病,5
很多年,5
形成,5
一代人,5
三次,5
从未,5
迟早,5
珠海,5
上海,5
妨碍,5
适应,5
做人,5
一堆,5
无后为大,5
降低,5
一套,5
一只,5
旁边,5
基础,5
不分,5
悸动,5
享有,5
小朋友,5
狗头,5
猪肉,5
优越感,5
原本,5
新奇,5
群众,5
极端,5
人士,5
跟风,5
嘻嘻,5
祸害,5
https,5
单一,5
家族,5
亲吻,5
人数,5
公民,5
概念,5
感染,5
自豪,5
高调,5
大自然,5
主吧,5
WEIway,5
年级,4
不懂事,4
三十岁,4
大姨,4
不大,4
妹妹,4
迈出,4
晚年,4
亲戚朋友,4
男方,4
....,4
.....,4
过激,4
看来,4
ex,4
记住,4
性恋,4
多好,4
大城市,4
勇敢的人,4
可笑,4
安慰,4
向往,4
离家,4
加上,4
赶紧,4
我爹,4
忍不住,4
不信,4
口中,4
好听,4
24,4
隐藏,4
百度,4
份子,4
追逐,4
相同,4
外界,4
时不时,4
高兴,4
鼻子,4
干预,4
外地,4
会过,4
小姑娘,4
我俩,4
泪流满面,4
一大堆,4
多久,4
原生,4
睡觉,4
事业,4
地狱,4
以待,4
说完,4
天呐,4
可不可以,4
回到,4
流泪,4
爱着,4
独生子女,4
上次,4
感人,4
15,4
在乎,4
小心,4
祝好,4
奶奶,4
Y婚,4
过日子,4
在家,4
培养,4
终身,4
90,4
第一个,4
诊断,4
勉强,4
反抗,4
相当,4
处理,4
人员,4
少部分,4
签字,4
已婚,4
谈到,4
不爱,4
通知,4
同居,4
底线,4
远远,4
牵扯,4
打电话,4
共同,4
解锁,4
下次,4
不易,4
麻麻,4
见面,4
前段时间,4
暂时,4
出门,4
太早,4
程度,4
出口,4
比如说,4
困扰,4
进去,4
试着,4
一路,4
啥时候,4
安排,4
班上,4
事上,4
热乎,4
嘴巴,4
13,4
男子,4
性关系,4
刷到,4
范围,4
起码,4
看病,4
身为,4
很深,4
学会,4
崩溃,4
心理学,4
抵触,4
链接,4
判断,4
50,4
方法,4
性趣,4
骗人,4
效果,4
真不知道,4
积极,4
生小孩,4
说辞,4
书院,4
说起,4
接受程度,4
不通,4
很小,4
摆脱,4
围绕,4
糟糕,4
心底,4
根深蒂固,4
告知,4
几十年,4
状况,4
头像,4
常态,4
血脉,4
愧疚,4
相对,4
当作,4
争论,4
同夫,4
当事人,4
路上,4
录音,4
相比,4
无辜,4
深圳,4
接收,4
大佬,4
现代,4
..,4
悲哀,4
弱势群体,4
传承,4
帮忙,4
历史,4
渐渐,4
hhh,4
care,4
七年,4
扶持,4
不孝有三,4
迷茫,4
同龄人,4
抗拒,4
教授,4
个体,4
举行,4
聚集,4
登记,4
高低贵贱,4
楼下,4
走开,4
镜头,4
途径,4
一夫,4
骄傲,4
文章,4
婚姻自由,4
or,4
过多,4
追求幸福,4
玩玩,4
修法,4
那句话,4
男女之间,4
虚伪,4
进入,4
推行,4
无视,4
就够,4
审议稿,4
言论自由,4
几句话,4
绝不,4
人伦,4
文明,4
都行,4
腐女们,4
LOVE,4
-_-,4
宝多六花,4
自信,4
微博,4
莫名其妙,4
太大,4
力量,4
男女比例,4
舆论,4
阴阳,4
通知书,4
支持者,4
科学,4
完事,4
不感兴趣,4
机器人,4
人人,4
修改,4
一夫一妻制,4
参加,4
给予,4
女权,4
参与,4
破坏,4
禁止,4
卑微,4
那位,4
缓解,4
缺少,4
小伙伴,4
街上,4
电影,4
小破,4
欧美国家,4
犯罪,4
Sea,4
关爱,4
别提,3
增长,3
漫长,3
考上,3
全家,3
贡献,3
我来,3
坐在,3
惊讶,3
免得,3
车子,3
客观,3
现实主义,3
bt,3
无助,3
追寻,3
强制,3
采访,3
秘密,3
不解,3
两次,3
沉重,3
生娃,3
犯法,3
茶余饭后,3
广西,3
扎心,3
发给,3
纯属,3
不止,3
好处,3
答应,3
那会,3
太不容易,3
某种程度,3
妈呀,3
体贴,3
不止一次,3
暑假,3
准确,3
离谱,3
有着,3
八年,3
提起,3
投币,3
语音,3
半年,3
纠正,3
和平,3
模式,3
计划,3
那句,3
察觉,3
单亲家庭,3
期间,3
欺负,3
Up,3
检查,3
一家人,3
阻力,3
真有,3
下辈子,3
全是,3
天天开心,3
开朗,3
蹦出来,3
一颗,3
父子,3
高中生,3
每条,3
老乡,3
更多人,3
幸好,3
封闭,3
啥意思,3
非议,3
求求,3
学到,3
放开,3
反倒,3
别扭,3
si,3
很烦,3
长久,3
老年,3
名字,3
诧异,3
女装,3
故事,3
动漫,3
无脑,3
到处,3
心中,3
反映,3
不仅仅,3
不能不,3
调查,3
冷战,3
成绩,3
紧张,3
亲情,3
阻碍,3
说不出来,3
好些,3
说闲话,3
完善,3
70,3
意向,3
大型,3
手术,3
脆弱,3
催生,3
执念,3
无聊,3
顾及,3
一个月,3
总归,3
敷衍,3
疑问,3
防止,3
委婉,3
疏导,3
不停,3
萝卜,3
辛辛苦苦,3
两位,3
亲近,3
大一,3
懦弱,3
讲道理,3
他俩,3
树立,3
苦恼,3
tm,3
什N,3
我,3
总有,3
试试,3
电话,3
26,3
想通,3
观看,3
经验,3
有次,3
预防针,3
这点,3
前排,3
emm,3
神经病,3
人多,3
恐婚,3
指出,3
22,3
外孙,3
尽力,3
柜门,3
变好,3
回避,3
已出,3
避免,3
漫漫,3
基本上,3
操作,3
必定,3
看不到,3
多岁,3
两种,3
寻找,3
守旧,3
亲戚家,3
无疑,3
思路,3
想开,3
一嘴,3
顽固,3
本能,3
好样,3
谈话,3
他,3
狭隘,3
人为,3
氛围,3
一模一样,3
那段,3
实践,3
当场,3
没见,3
同理,3
苦短,3
公司,3
难听,3
提起过,3
平凡,3
不像,3
再生,3
职业,3
法案,3
没人能,3
指手画脚,3
充满,3
着想,3
凡人,3
恋者,3
不太可能,3
传递,3
养儿,3
小众,3
ICD,3
标准,3
再次,3
发布,3
12,3
统一,3
想不通,3
私聊,3
豫章,3
遭遇,3
成都,3
挺难,3
别看,3
得病,3
西方,3
征求,3
相当于,3
角度看,3
皇位,3
继承,3
地球,3
借口,3
好久,3
建设,3
磨合,3
放过,3
结构,3
顺便,3
归根结底,3
开导,3
遗传,3
哪来,3
遗憾,3
怀孕,3
平台,3
官方,3
精彩,3
当下,3
lxi,3
me,3
ah4h9,3
逐渐,3
恐惧,3
半夜,3
同等,3
会少,3
别来,3
偏偏,3
保护法,3
强奸,3
原则,3
数量,3
最初,3
哪有什么,3
原地,3
词语,3
来讲,3
几率,3
青少年,3
追捧,3
说到底,3
先进,3
讲真,3
深柜,3
不适,3
享受,3
29,3
有情人终成眷属,3
一名,3
哔哩,3
社会舆论,3
别骂,3
能量,3
错觉,3
Gay,3
一系列,3
龙阳,3
之好,3
所说,3
之中,3
好坏,3
组成,3
批评,3
方方面面,3
可恨,3
黑名单,3
生来,3
屏蔽,3
双性,3
强求,3
天空,3
先爱上,3
语文,3
狗腿子,3
迷恋,3
人活,3
性能,3
结合,3
手段,3
正义,3
拍照,3
唯一,3
有缘,3
当中,3
完成,3
推进,3
健全,3
体系,3
生而为,3
假腐,3
祖国,3
提供,3
一夫一妻,3
庞大,3
比例,3
质疑,3
有生之年,3
年轻一代,3
反对者,3
如今,3
法律认可,3
35,3
母爱,3
BGM,3
吹捧,3
短片,3
泰国,3
圣母,3
资料,3
边缘,3
效仿,3
乖乖,3
国界,3
分会,3
生而平等,3
勾肩搭背,3
news,3
ifeng,3
默认,3
表态,3
客人,3
任重而道远,3
东北,3
层面,3
十几岁,3
现实生活,3
低调,3
嘴上,3
CP,3
所爱,3
没说,3
结尾,3
多样化,3
体会,3
人口老龄化,3
少年,3
特指,3
宣布,3
带个,3
可能性,3
hiv,3
俄罗斯,3
安好,3
做个,3
注定,3
学妹,3
人大网,3
楼主,3
别有用心,3
提高,3
不用谢,3
人身攻击,3
宝贝,3
衡量,3
生物学家,3
小学生,3
Lesliesuee,3
白糖,3
但别,3
FLSD222,3
不吃,3
扫脸,3
位置,3
缺失,3
血缘,3
偏向,2
得出,2
荒谬,2
走上,2
表哥,2
小辈,2
一桌,2
有说有笑,2
思想开放,2
碍于,2
那年,2
不忍,2
才刚,2
缘故,2
喜乐,2
买房子,2
办嫁妆,2
隐约,2
听见,2
条路,2
后会,2
会为,2
太少,2
搞混,2
确确实实,2
霸凌,2
孤单,2
另类,2
深深,2
埋怨,2
如释重负,2
福气,2
县城,2
一事,2
张国荣,2
主能,2
地去,2
以死,2
大哭,2
随之而来,2
答案,2
爆发,2
老旧,2
终将,2
挣钱,2
第一句,2
差一点,2
难以想象,2
自觉,2
一地,2
责骂,2
挺烦,2
开开心心,2
缘分,2
笑嘻嘻,2
人会,2
邻居,2
闲话,2
内向,2
我妈来,2
独自,2
注意安全,2
压在,2
信不信,2
相似,2
直白,2
慕了,2
人生大事,2
朱一龙,2
谈心,2
煎熬,2
比起,2
讲完,2
歌曲,2
可恶,2
原地踏步,2
不对劲,2
唯独,2
迟迟,2
父爱,2
懒得,2
音乐,2
幼儿园,2
打破,2
就让,2
大都,2
流程,2
最高,2
埋葬,2
大大方方,2
还给,2
考完,2
橘里,2
橘气,2
冲碎,2
好过,2
七大姑八大姨,2
战士,2
上升,2
而活,2
首歌,2
亲切,2
邪教,2
洞庭湖,2
雀儿,2
门口,2
--,2
最少,2
顶多,2
中间,2
初二,2
两人,2
www,2
结局,2
好运,2
桃子,2
看边,2
买个,2
做主,2
不知不觉,2
吓死,2
束缚,2
答复,2
两天,2
一长串,2
跟着,2
节奏,2
放学,2
不介意,2
诱导,2
心之所,2
屏幕,2
真挚,2
似乎,2
没出,2
8090,2
快快乐乐,2
理解万岁,2
你家,2
教科书,2
bushi,2
心照不宣,2
破防,2
管不了,2
无条件,2
别忘了,2
最爱,2
极少,2
念头,2
留下,2
子嗣,2
抱怨,2
看好,2
早晚,2
感慨,2
鼓吹,2
误删,2
争吵,2
离经叛道,2
到来,2
额头,2
混乱,2
圈子里,2
等待,2
嫉妒,2
场景,2
发脾气,2
画画,2
弱弱,2
最多,2
枷锁,2
物质,2
命运,2
据我所知,2
老伴,2
行动,2
护工,2
监管,2
出台,2
有所,2
血缘关系,2
再要,2
家长会,2
让步,2
凉凉,2
折中,2
家务,2
恐男,2
进一步,2
说开,2
镜子,2
先不说,2
圣人,2
不起,2
代价,2
顺其自然,2
客户,2
无用,2
有用,2
努力学习,2
居住,2
不育,2
更能,2
肚子,2
目前为止,2
退一步,2
深度,2
好好看,2
面临,2
可太多,2
应付,2
亲妈,2
生病,2
别出,2
很无语,2
更要,2
偶遇,2
可逆,2
雪上加霜,2
挑明,2
糊弄,2
住在一起,2
乖巧,2
想一想,2
养大,2
女女,2
指着,2
前段,2
分析,2
往后,2
信心,2
憋屈,2
二十多,2
有意无意,2
可得,2
改剧,2
教会,2
第三,2
信念,2
妄想,2
可想而知,2
设身处地,2
乌龙,2
亲身经历,2
第一步,2
咱家,2
丢人,2
决裂,2
该不该,2
看中,2
一提,2
其,2
理,2
Y果,2
隔天,2
怎,2
看出,2
怎N,2
一个双,2
信任,2
主动,2
误会,2
合照,2
谈判,2
听话,2
之内,2
耳边,2
爹妈,2
上头,2
学期,2
交代,2
有的是,2
闹翻,2
规划,2
出发,2
相近,2
十岁,2
出头,2
赶上,2
粉丝,2
丈夫,2
共识,2
分钟,2
不太敢,2
然鹅,2
养活,2
无需,2
明言,2
上帝,2
点开,2
没多,2
不予,2
看起来,2
没心没肺,2
形容,2
摊牌,2
不明,2
打架,2
会带,2
耳朵,2
极度,2
姑娘,2
一月,2
忽视,2
干脆,2
读书,2
转直,2
商量,2
表姐,2
释怀,2
美女,2
预想,2
直至,2
刘海,2
乐观,2
新鲜,2
十八,2
会要,2
长路,2
宣讲,2
他会,2
很甜,2
有意识,2
十七,2
自立,2
钓鱼,2
与我无关,2
玩意,2
最难,2
风险,2
转头,2
理财产品,2
吃个,2
崩塌,2
这才,2
今后,2
27,2
胡搅蛮缠,2
漏洞,2
欲太强,2
来到,2
极大,2
气话,2
咨询,2
别太,2
折磨,2
多一点,2
伪装,2
遇不到,2
见识,2
隐晦,2
按着,2
带点,2
攻击性,2
表述,2
释放,2
治愈,2
五六年,2
偏差,2
霍霍,2
包裹,2
石头,2
里头,2
双重,2
剥削,2
意味着,2
器官,2
消失,2
领证,2
wb,2
办不到,2
一阵子,2
舍得,2
一个劲,2
背景,2
躲躲藏藏,2
暴击,2
换位,2
买车,2
从没,2
三甲,2
自负,2
运气,2
世界观,2
OK,2
结不,2
特意,2
哪能,2
思念,2
利用,2
遮掩,2
解决办法,2
乌克兰,2
逼急,2
外孙女,2
独生女,2
开化,2
可悲,2
悲惨,2
孝顺,2
一点一点,2
属实,2
收藏,2
一声,2
友情,2
互不,2
独立思考,2
一味,2
受伤,2
掌握,2
长辈,2
世界卫生组织,2
焦虑,2
编码,2
删除,2
使用,2
政府,2
陈旧,2
奢求,2
颠覆,2
活下去,2
中国式,2
寻求,2
最坏,2
飞机票,2
哪位,2
人来,2
人心,2
西装,2
皮鞋,2
爷爷,2
科学研究,2
啥样,2
断袖,2
暴躁,2
方圆,2
百里,2
类人,2
聊着,2
谈资,2
理应,2
动不动,2
一两个,2
听得,2
抗住,2
梳理,2
想太多,2
女医生,2
本子,2
现实情况,2
永远都是,2
tx,2
坐下,2
一蹴而就,2
活得,2
回老家,2
成就,2
中有,2
殊不知,2
重视,2
讲解,2
厌烦,2
短时间,2
心理准备,2
不见得,2
缓和,2
伤人,2
变更,2
局限于,2
安利,2
精神分裂,2
老太太,2
感激,2
冒出来,2
如果说,2
一家,2
救救,2
多生,2
中年人,2
强势,2
这样的话,2
老是,2
借着,2
立马,2
玩意儿,2
发育,2
娘胎,2
这话,2
生不生,2
人间,2
人里,2
指望,2
课堂,2
公共,2
取得,2
专门,2
再度,2
起航,2
动人,2
恳谈会,2
与性,2
品味,2
畅想,2
双年,2
纯洁,2
十多年,2
过后,2
常常,2
猥琐,2
广大,2
同胞,2
已育,2
人转,2
干干净净,2
平淡,2
年前,2
垃圾,2
妻子,2
楼中楼,2
bilibili,2
暗处,2
呐喊,2
保命,2
男男女女,2
绝大部分,2
屈服于,2
打个比方,2
蛇肉,2
老鼠,2
自由人,2
保持中立,2
网站,2
此事,2
讨人厌,2
没人管,2
一共,2
外教,2
实行,2
十八年,2
恋物癖,2
爱能,2
在生活中,2
有色眼镜,2
另一方,2
发电,2
直人,2
炫耀,2
将心比心,2
转过,2
强行,2
大学老师,2
模仿,2
酿成,2
疏远,2
杠精,2
人身自由,2
那样的话,2
沐浴,2
学术,2
加剧,2
个人观点,2
and,2
bb,2
捕风捉影,2
引战,2
领导层,2
lgbtq,2
现阶段,2
性器官,2
普普通通,2
学历,2
盛行,2
月份,2
hhhh,2
脑袋,2
起床,2
沙雕,2
规范,2
插个,2
截止,2
日期,2
议题,2
之路,2
阻且,2
中客,2
号称,2
别去,2
刚刚,2
坦荡,2
作出,2
恰巧,2
意定,2
啧啧,2
迎来,2
最怕,2
国民,2
理念,2
取消,2
变革,2
一看,2
大于,2
有种,2
讲述,2
阳刚之气,2
婚内,2
强暴,2
个例,2
挣扎,2
抛开,2
潇潇洒洒,2
坏人,2
个别人,2
谢谢你们,2
民政局,2
凑合,2
具有,2
渺小,2
政治经济,2
太多人,2
姨婆,2
婚生子,2
一,2
恐二禁,2
高尚,2
知乎,2
带给,2
武器,2
法学,2
抗争,2
男渣,2
空间,2
十几,2
赞成票,2
多变,2
愿望,2
pxj,2
大出血,2
庆幸,2
区分,2
繁衍生息,2
分不清,2
喜爱,2
散步,2
二十多年,2
因人而异,2
未成年人,2
案例,2
性情,2
游轮,2
报名,2
迷恋着,2
甜蜜,2
某种意义,2
手牵手,2
自古以来,2
终归,2
费力,2
难处,2
告白,2
拉黑,2
配偶,2
继承权,2
病危,2
一类,2
条款,2
amazing,2
损害,2
裹挟,2
闭上,2
民众,2
起到,2
逃避现实,2
老,2
中午,2
喜g,2
卡通人物,2
一哭,2
老家,2
教坏,2
生存,2
糟粕,2
调节,2
一层,2
集体,2
提案,2
置于,2
大肆宣扬,2
北京,2
源于,2
次数,2
奇奇怪怪,2
一切顺利,2
特殊化,2
先是,2
自古,2
越来越少,2
求同存异,2
看个,2
共同努力,2
经营,2
演讲,2
猎奇,2
迎接,2
叹气,2
八百,2
一十九,2
复制,2
幸福感,2
提升,2
有利于,2
抨击,2
不利,2
强国,2
觉着,2
貌合神离,2
奢望,2
小事,2
对此,2
一世,2
各有,2
某人,2
种族歧视,2
推送,2
思修,2
欧美,2
曝光,2
底下,2
脱离,2
稀松,2
执着,2
分级,2
这年头,2
微博上,2
这俩,2
男友,2
老子,2
选票,2
正面,2
高过,2
南京,2
办理,2
核心,2
便宜,2
大肆宣传,2
暗搓,2
怂恿,2
基督教,2
实验,2
技术,2
诉求,2
ky,2
物种,2
无罪,2
抖音,2
哈尔滨,2
小猪,2
弯直,2
双标,2
见过,2
人生路,2
钟意,2
巴厘岛,2
自愿,2
明白人,2
上天,2
被动,2
误以为,2
四次,2
男是,2
扭曲,2
出不出,2
性行为,2
多大,2
survey,2
shtml,2
id,2
15990,2
转发,2
锤子,2
黑人,2
多想,2
教室,2
椅子,2
恶性循环,2
举办,2
那次,2
感兴趣,2
生生不息,2
那桌,2
极其,2
时机,2
便是,2
考虑一下,2
去过,2
无差别,2
闺密,2
中是,2
总要,2
背景音乐,2
竞争,2
多出,2
划算,2
时侯,2
同情,2
亲亲的,2
强调,2
绵薄之力,2
大国,2
丑化,2
延伸,2
偶像,2
剥夺,2
应有,2
身体健康,2
999999999,2
原谅,2
线上,2
恋有,2
绝望,2
觉悟,2
身子,2
近些年,2
绝大多数,2
占据,2
天下,2
两情相悦,2
玫瑰,2
抽血,2
网友,2
家庭暴力,2
予以,2
mp,2
weixin,2
qq,2
网址,2
改为,2
重大,2
光明,2
时光,2
law,2
非正常,2
Ai1gbf7h,2
增加,2
骨子里,2
决赛,2
居多,2
劳动力,2
病态,2
婚姻制度,2
新一代,2
赞赞,2
硬糖,2
伦理道德,2
情人节,2
做些,2
直播,2
男同们,2
大街,2
鄙视,2
这群人,2
谴责,2
单单,2
限制,2
挑战,2
约束,2
一向,2
雄性,2
哺乳动物,2
结婚证,2
装着,2
大学生,2
鼓动,2
无论如何,2
随大流,2
没看,2
不可思议,2
没人会,2
拉屎,2
撒尿,2
政党,2
拜托,2
我爱你,2
同爱者,2
体验,2
妈想,2
电视,2
同类,2
摸脸,2
人用,2
姓名,2
去死吧,2
斗争,2
人渣,2
强奸犯,2
性别歧视,2
站上,2
性病,2
5%,2
犬夜叉,2
赛高,2
滑稽,2
制定,2
秦斐贤,2
霜辞,2
激发,2
汪汪,2
儿时,2
那家伙,2
白起,2
耽美图,2
性骚扰,2
有趣,2
无语,2
内心世界,2
欢乐,2
街头,2
人话,2
雀巢,2
牛奶,2
生锈,2
多克,2
军士,2
jB,2
亲子关系,2
阴谋论,2
看多,2
寻思,2
打骂,2
改名字,2
不爽,2
运动,2
同桌,2
酱酱,2
猩猩,2
战队,2
莫哭,2
玛利亚,2
水平,2
太远,2
小时,2
生理卫生,2
鲤子,2
之声,2
吱个,2
品行好,2
pride,2
妖娆,2
灵凌,2
老鼠屎,2
hh,2
楼上,2
出生率,2
4%,2
怪气,2
炼铜,2
DJ,2
leshao,2
灭绝,2
产业,2
用力,2
关进,2
鸡笼,2
玩闹,2
不娘,2
发达国家,2
马凡,2
马仔,2
中性,1
风都会,1
说教,1
结论,1
我试,1
转变思想,1
闭上嘴,1
展开,1
战争,1
就会,1
不吭声,1
静静地,1
姨姨,1
舅舅,1
饭局,1
赌鬼,1
还败,1
心血,1
忍让,1
忍无可忍,1
无可奈何,1
妈换,1
爷爷奶奶,1
床边,1
通吃,1
很多遍,1
抽泣,1
常人,1
咚嘿,1
好巧,1
不巧,1
理想主义,1
跳过,1
真相,1
太过,1
yx,1
年少,1
拼搏,1
越大越,1
太小,1
脊梁骨,1
不可否认,1
想会,1
旁观者,1
有权,1
大众化,1
不快,1
我纸,1
做不了,1
温柔体贴,1
联合,1
发问,1
旁侧,1
敲击,1
论文,1
编写,1
不愧,1
太天真,1
利弊,1
追爱,1
不管不顾,1
他妈的,1
前所未有,1
死板,1
等一等,1
唾弃,1
太棒,1
梦中情,1
第三句,1
暗示着,1
子孙满堂,1
拿出,1
老一套,1
恐孕,1
坚冰,1
融化,1
化作,1
淡忘,1
纯文字,1
触动,1
怨恨,1
坟墓,1
圈会,1
满乱,1
聊天记录,1
保存,1
说用,1
新鲜感,1
一过,1
洁癖,1
天底下,1
厚礼,1
会刷,1
靓仔,1
有,1
带娃,1
下爱,1
牛皮,1
你生,1
本性,1
嚼舌根,1
餐桌,1
分裂,1
做梦,1
七匹狼,1
主向,1
台,1
比^,1
_放,1
二年,1
往後都,1
前半段,1
夫人,1
电学,1
521,1
少数民族,1
ddtimetoshine,1
八岁,1
唐山,1
说妈,1
憋不住,1
我爷,1
包办婚姻,1
泪爆,1
问东问西,1
门外,1
万万不可,1
ck,1
丢球球,1
云酒,1
书签,1
大期,1
顾之虑,1
模范,1
夫夫,1
我开,1
老娘,1
星星,1
片尾曲,1
杨恩,1
合唱,1
一首歌,1
ONEPIECEYOOO,1
转给,1
恋该,1
事说,1
改不,1
一度,1
好得,1
我快,1
谈一谈,1
可算,1
后退,1
转发给,1
文案,1
丘比特,1
蒙着,1
射箭,1
告终,1
新粉,1
你别,1
健健康康,1
避风港,1
比较而言,1
天壤之别,1
落落,1
妻案,1
文字,1
戒同,1
没币,1
摸摸,1
抱个,1
哭死了,1
炸柜,1
七味,1
香芋,1
奶茶,1
看泪,1
双出,1
如出一辙,1
排挤,1
多管,1
入学,1
套路,1
真当,1
一千八百,1
咱是,1
独生子,1
社保,1
胸襟,1
o都,1
手上,1
词穷,1
自给自足,1
没管,1
去活,1
爹好,1
防护,1
措施,1
人带,1
我亲,1
爸蛮,1
钻出来,1
受罪,1
年龄段,1
投个,1
捅破,1
窗户纸,1
姬友,1
一大早,1
庸医,1
两人要,1
堂哥,1
堂姐,1
亲姊妹,1
最小,1
成家立业,1
成不了,1
得通,1
不活,1
我染,1
蓝黑色,1
我妈会,1
恨死,1
整哭,1
中伤,1
羊村,1
懒懒,1
七十二,1
ljy,1
有爸,1
全家人,1
哇塞,1
舍不得,1
以外,1
泪水,1
盈眶,1
多人,1
一打,1
林若欢,1
温油,1
菜刀,1
主太有,1
封号,1
发出,1
抽抽,1
多多少少,1
别想进,1
牛丸,1
猜出,1
折服,1
噗地,1
流下来,1
伊汐,1
博主说,1
平生,1
一顾,1
至此,1
终年,1
只敢,1
实力,1
保住,1
水月,1
两句,1
曲对币,1
今晚,1
梦到,1
主性,1
md,1
粗来,1
户户,1
011,1
老爷爷,1
恶寒,1
很早,1
家来,1
渺茫,1
超帮,1
体谅,1
健康长寿,1
poha,1
讲清楚,1
爆米花,1
好吃,1
预演,1
闹矛盾,1
说别,1
不干不净,1
祝您,1
这比,1
呜要,1
蛋炒饭,1
纯爱,1
大爆,1
将近,1
五十,1
几百年,1
恋爱观,1
带上,1
心累,1
家居,1
桐子,1
好仙姆,1
Fait2h,1
麻吉咻,1
科幻片,1
55555,1
电影院,1
你们好,1
dy,1
当多养,1
傻不拉叽,1
阿妤,1
掺杂,1
一家子,1
不怪,1
生成,1
mamm,1
人儿,1
zhangxg309,1
热水,1
热泪盈眶,1
务必,1
爸会,1
考前,1
钦佩,1
不怎么样,1
挽着,1
记忆,1
止不住,1
这太,1
一言不合,1
震怒,1
暴怒,1
大下,1
小君,1
hx,1
天好,1
妈咪,1
福州,1
雷姆,1
牲怕,1
没饭,1
QAQ,1
好勇,1
高中毕业,1
提问,1
永结同心,1
岁岁年年,1
永不分离,1
恐同者,1
喝牛奶,1
有孩,1
好会,1
胆子,1
tong,1
Sulian,1
地爱,1
自在,1
99999,1
冬青,1
灌木,1
小腊吉,1
提及,1
走入,1
hi,1
迹象,1
真诚,1
平平安安,1
哪里找,1
婆主,1
我,1
出家,1
重c,1
@e,1
已,1
作者,1
大大,1
河南人,1
搭伙,1
满脑子,1
变渣,1
可知,1
权衡,1
确切,1
面给,1
发酸,1
我关,1
星期,1
请假,1
人鬼兽,1
春天,1
一刻,1
稀里哗啦,1
镇定,1
翅膀,1
包松,1
所能,1
一个点,1
新鲜期,1
年岁,1
老爹,1
想不出,1
守自,1
动笔,1
逃离,1
星球,1
澄棠,1
ct,1
感同身受,1
体面,1
随二币,1
币当,1
有样学样,1
冲着,1
太爱,1
开局,1
全靠,1
乱用,1
反客为主,1
盯上,1
自导自演,1
这不像,1
大祸,1
祸到,1
你死我活,1
真不错,1
怒吼,1
没养,1
完下,1
半辈子,1
无力,1
步步,1
摊明,1
少不了,1
说正经,1
闪婚,1
乱说话,1
头笑,1
广东,1
软件,1
问卷,1
没填,1
第四,1
结了,1
折腾,1
僵硬,1
神色,1
音响,1
烟灰缸,1
暴怒之下,1
冲过来,1
满地,1
摔碎,1
盘子,1
碎片,1
推搡,1
拐角,1
三针,1
右腿,1
腿骨,1
骨裂,1
中考,1
七月份,1
未必,1
挂钩,1
日常生活,1
风评,1
好差,1
彩票,1
效应,1
竹笋,1
炒肉,1
重发,1
文雅,1
换个,1
多些,1
时机成熟,1
妈宝,1
送别,1
妈怕,1
分子,1
wwwww,1
好酸,1
押韵,1
炸虾,1
SOS,1
风向,1
无病,1
不换,1
指挥,1
比份,1
表露,1
以偏概全,1
计较,1
同比,1
更难,1
大可装,1
时而,1
吐槽,1
道坎,1
心虚,1
无形中,1
夜莺,1
这两点,1
河豚,1
cpcut,1
设施,1
高端,1
入场,1
200,1
8000,1
低端,1
最底层,1
会受,1
监督,1
罹患,1
帕金森,1
病症,1
护理,1
医疗,1
成都市,1
紧密,1
难题,1
多字,1
技巧,1
想生,1
不干,1
照旧,1
巨大,1
说好,1
先发制人,1
午子玉,1
石矶,1
明明白白,1
催,1
鄱嗉,1
,1
茯苓,1
敲菜,1
深恶痛绝,1
拷问,1
刚出生,1
焦头烂额,1
求助无门,1
不领情,1
众所周知,1
心窝子,1
真能,1
只活,1
找罪,1
往不婚,1
近距离,1
不适感,1
某种,1
怒火,1
我大,1
A枝春M,1
四爱,1
没谈,1
没事儿,1
取得成功,1
论阿狸,1
不死心,1
约定,1
没伴,1
牵绊,1
变化,1
独女,1
能动,1
膝盖,1
离不开,1
住院,1
轮流,1
踏实,1
不受,1
分居,1
共同体,1
画个,1
蛮会,1
装傻,1
和缓,1
这倒,1
碎了心,1
叨叨,1
眯眼,1
妞妞,1
尽到,1
总说,1
清华,1
北大,1
别以为,1
摆在,1
面上,1
矛盾激化,1
圣光,1
耶斗罗,1
做足,1
吓怕,1
AA,1
加微信,1
业绩,1
Lilysnake,1
任何借口,1
远能,1
拖个,1
见见,1
无路,1
可退,1
迫于,1
周密,1
陌安,1
收到,1
宋仲基,1
来之不易,1
分散,1
回不去,1
要划,1
拇指,1
指纹,1
手指,1
碰过,1
别切,1
硬撑,1
转移,1
下手,1
用劲,1
皮肤,1
过段时间,1
按压,1
会长,1
红白喜事,1
自理,1
人谈,1
解决问题,1
无爱者,1
mama,1
尼姑,1
八成,1
本科,1
二年级,1
没个,1
打预防针,1
多礼,1
o美人,1
红事,1
少去,1
7k,1
小点声,1
越多,1
人脸识别,1
脸蛋儿,1
jc,1
plaza,1
一把子,1
尽量避免,1
事前,1
切记,1
可称,1
家中,1
往来,1
熟悉,1
通气,1
晴天,1
霹雳,1
有益,1
硬刚,1
更易,1
应对,1
战役,1
自定义,1
同道,1
中人,1
撞见,1
施压,1
我断,1
联想,1
加霜,1
爸嗦,1
领着,1
失宠,1
顺手,1
emmmm,1
研就,1
跟班,1
绯闻,1
追到,1
美满,1
到性,1
说漏嘴,1
发小来,1
我发,1
不气,1
不寒而栗,1
过成,1
切入,1
途中,1
胁迫,1
先整,1
对症下药,1
老喊,1
苦涩,1
镇魂,1
实体书,1
酒吧,1
充实,1
刚分,1
转向,1
柜非柜,1
非必要,1
五六,1
七八,1
许多许多年,1
人出,1
环节,1
策略,1
支援,1
解决不了,1
燃眉之急,1
鸡飞狗跳,1
刀把,1
境遇,1
备选,1
选题,1
守好,1
逼问,1
默许,1
传到,1
亲眼所见,1
历历在目,1
小心谨慎,1
狡辩,1
显而易见,1
恼羞成怒,1
一回,1
滚出去,1
好多年,1
不像生,1
没找,1
打过,1
擦边球,1
先出,1
换口味,1
口红,1
求色,1
同,1
月代,1
ο,1
家e,1
x研,1
理P,1
然後就,1
]然,1
但後,1
怎N,1
Z了,1
最为,1
余地,1
不出意外,1
产生误会,1
解开,1
cue,1
第二年,1
提有,1
嗷嗷,1
越久越,1
情书,1
我分,1
带回去,1
做饭,1
接待,1
心知肚明,1
扇风,1
一切都是,1
确保,1
下能,1
清清楚楚,1
开头,1
解套,1
自动,1
重灾区,1
需谨慎,1
土豆,1
萝卜青菜,1
高三上,1
三月,1
说个事,1
419,1
顺势,1
召回,1
指个,1
blabla,1
间接,1
满眼,1
五个,1
新世界,1
大门,1
和生,1
不容置疑,1
革命,1
百无禁忌,1
初心,1
专一,1
小白菜,1
搞懂,1
情愫,1
大草,1
过人,1
太丑,1
真太,1
张琼予,1
000,1
00000,1
来晚,1
香香的,1
男爵,1
一枚,1
多发,1
右边,1
偏个题,1
发色,1
轻度,1
退学,1
动力,1
不男不女,1
戴假发,1
七七八八,1
出过,1
背德,1
00000000,1
0000,1
初四,1
只管,1
不严,1
十四五岁,1
差劲,1
恍然大悟,1
严厉,1
非常感谢,1
太紧,1
扶额,1
紧点,1
劝诫,1
圣经,1
恨恶,1
招致,1
审判,1
认认真真,1
太甜,1
散养,1
实际,1
能管,1
出柜且,1
切号,1
持久,1
延长,1
论嫁,1
good,1
爸谈,1
会点,1
反思,1
脑补出,1
三角恋,1
现有,1
再柜,1
漫步,1
超直,1
差不大,1
死后,1
打入,1
永世,1
超生,1
回归,1
三线,1
悠闲,1
红烧,1
朋友家,1
一匹,1
随遇而安,1
元旦,1
脖子,1
印子,1
我人,1
支支吾吾,1
说了半天,1
动摇,1
动态,1
选择性,1
记下,1
山崩地裂,1
十四,1
忍耐,1
急于,1
比较简单,1
假小子,1
剪个,1
循序渐进,1
耳环,1
无论怎样,1
暗暗,1
苗头,1
露出,1
是我太,1
胆小,1
无疾而终,1
anyway,1
谈着,1
半路,1
跨年,1
那晚,1
第一天,1
上先,1
好几遍,1
没得,1
纯路,1
安康,1
shu,1
慢慢说,1
那期,1
影子,1
早已,1
预期,1
太多太多,1
总结,1
千万千万,1
我误,1
控制点,1
刚上,1
母丹,1
第一段,1
半掩,1
半开,1
日常,1
出份子,1
女盆友,1
热乎乎,1
认清,1
姬姬,1
要素,1
归宿,1
堂妹,1
晓得,1
下心,1
优柔寡断,1
牢记,1
太能,1
卖掉,1
同班,1
ntxl,1
莫非,1
山人,1
老妇,1
老妻,1
热闹,1
同刚,1
难熬,1
多半,1
三连,1
chanel,1
834,1
无意识,1
放上,1
一大半,1
灰心,1
主见,1
太帅,1
诅咒,1
银灰色,1
出省,1
读完,1
这一说,1
还行,1
看俩,1
干巴巴,1
存货,1
罪大恶极,1
长相,1
试一下,1
家产,1
提不起,1
告上,1
法庭,1
得救,1
生养,1
一岁,1
出钱出力,1
带回,1
报警,1
杏欲,1
in,1
躯体,1
有杏欲,1
人之常情,1
叫骂,1
无可指责,1
三分钟,1
升高,1
好弱,1
症结所在,1
自欺欺人,1
会屁,1
颠屁,1
现写,1
治病,1
章豫,1
陈述,1
一概,1
脑海中,1
风波,1
卖力,1
壮举,1
聚餐,1
抓紧,1
废婚,1
哪条,1
yiqing,1
忍忍,1
奔溃,1
疫情,1
个头,1
独苗,1
这辈,1
会高,1
笑话,1
分离,1
基友,1
带去,1
他妈,1
得治,1
苟延残喘,1
缓冲,1
千万别,1
有形,1
害人害己,1
远走他乡,1
逃脱,1
闭塞,1
乡村,1
2017,1
要死要活,1
威胁,1
摊上,1
事理,1
十恶不赦,1
快点,1
放不下,1
打分,1
没电,1
充电,1
送礼物,1
送过,1
钱会,1
白花,1
无赖,1
老说,1
嘲笑,1
听不进去,1
聊一聊,1
五十多,1
无能,1
迁怒,1
拳脚相加,1
咖啡馆,1
抗抑郁,1
稳定剂,1
辩手,1
帅帅,1
酷酷,1
说不上来,1
过太多,1
头出,1
那辈人,1
人贴,1
筑起,1
高墙,1
指代,1
诸如此类,1
以往,1
盲区,1
讯号,1
收起,1
棱角,1
主有,1
主叫,1
打不开,1
主页,1
之出,1
自尊心,1
相吸,1
试试看,1
毁灭性,1
能治,1
第二个,1
上进心,1
周一,1
周五,1
八点半,1
十点,1
要强,1
话到嘴边,1
主幸\,1
勰,1
rg,1
},1
竟,1
@覆,1
^往,1
思S,1
因,1
o助,1
不,1
通^,1
t生,1
改成,1
正,1
快,1
是,1
社,1
不,1
色彩,1
成问题,1
疾风骤雨,1
根本无法,1
缺乏,1
靠近,1
抬头,1
重复,1
会闷,1
养儿防老,1
buff,1
周知,1
买卖,1
当人,1
上周,1
教师,1
招聘,1
主出,1
套用,1
违和感,1
每多,1
父老乡亲,1
逮着,1
羊毛,1
超出,1
搞了个,1
假出,1
天崩地裂,1
测试,1
太坏,1
被判,1
死刑,1
举个,1
看摊,1
跟开,1
盲盒,1
碰撞,1
糟心,1
想不开,1
逼死,1
对策,1
决断,1
受气,1
气势,1
退却,1
崭露头角,1
除名,1
进展,1
过渡期,1
想得通,1
鼓足勇气,1
预测,1
几代人,1
已成,1
谈个,1
赞助,1
新车,1
最差,1
奖励,1
拯救,1
心凉,1
主任医师,1
大使,1
绝后,1
极其重要,1
越会,1
埋头苦干,1
开点,1
多媒体,1
人生观,1
构建,1
花钱,1
素养,1
口才,1
太重,1
我活,1
wx,1
意志,1
管得,1
孝道,1
维度,1
专业性,1
常用,1
听不懂,1
要拉到,1
旧思想,1
思辨,1
特点,1
传下来,1
感化,1
突破,1
内在,1
生二胎,1
人品,1
孙子辈,1
人生在世,1
忧虑,1
两三年,1
离异,1
伴好,1
伶仃,1
孤老,1
闹大,1
倾听,1
好歹,1
退处,1
二十多岁,1
学业,1
搪塞,1
这一关,1
耗费,1
精力,1
想不到,1
科延毕,1
硬逼,1
谅解,1
事业有成,1
顶一下,1
底层,1
李健,1
大意,1
影都,1
毁掉,1
名为,1
交易,1
专用,1
不惜,1
谎言,1
水里去,1
心痛,1
太老旧,1
能装,1
很多很多,1
耗着,1
不办,1
生儿育女,1
话语,1
无效,1
更为重要,1
剧里,1
Justin,1
评头论足,1
没大,1
并不多,1
惊奇,1
祖师,1
广播剧,1
陈情,1
一番,1
自便,1
会谢,1
无异于,1
天塌,1
乐此不疲,1
悲欢,1
外国人,1
悬殊,1
歇斯底里,1
很僵,1
谋生,1
婚恋,1
人要,1
前进,1
一朝一夕,1
拉扯,1
教员,1
论持久战,1
想法子,1
你老,1
防老,1
休息,1
中式,1
保持平衡,1
深入,1
要个,1
好脾气,1
生儿,1
会养,1
通达,1
终归是,1
撑过去,1
人则,1
小看,1
资本,1
二十七岁,1
催过,1
一次次,1
一声声,1
叹息,1
1990,1
编号,1
移除,1
2001,1
CCMD,1
精神障碍,1
指向,1
病化,1
2018,1
同年,1
建委,1
日起,1
各级,1
各类,1
医疗机构,1
全面,1
中文版,1
官方网站,1
上查,1
零星,1
学术观点,1
构成,1
引用,1
卫生部门,1
联合国,1
采纳,1
邻里,1
八公八婆,1
耳根,1
起头,1
村里,1
白白净净,1
传多,1
家住,1
十几次,1
病患,1
欢迎,1
活到老,1
违心,1
解决之道,1
绑定,1
割裂,1
听人,1
妈强,1
Ylomyself,1
践行,1
伯伯,1
M酒,1
说通,1
偏心,1
大专,1
分校,1
澳门,1
前提条件,1
性冲动,1
推辞,1
主题,1
勇气可嘉,1
天亮,1
听不得,1
很累,1
谈谈,1
谈不拢,1
油盐,1
不进,1
开吵,1
我弟,1
直接了当,1
催促,1
不耐烦,1
死不瞑目,1
我刚,1
名义,1
伴能,1
成见,1
大山,1
说不清,1
太软弱,1
被告,1
原告,1
执行,1
和约,1
领导,1
快快,1
有数,1
色鬼,1
很幼,1
剪头发,1
理发师,1
几年级,1
心里有数,1
计算机专业,1
高学历,1
家门不幸,1
大惊小怪,1
分桃,1
容忍度,1
下降,1
比较严重,1
表达方式,1
代入,1
车轱辘话,1
开会,1
压不住,1
好不好,1
带你去,1
拒不承认,1
双相,1
背着,1
吃药,1
布公说,1
儿媳妇,1
一两年,1
好人家,1
太好,1
催成,1
三十多,1
Leoped,1
中大,1
五院,1
苛刻,1
特殊性,1
三四个,1
乡土,1
情怀,1
大叔,1
小话,1
知情,1
逻辑性,1
已有,1
有朝一日,1
解不开,1
咨询师,1
差异,1
反对派,1
多家,1
一会,1
手脚冰凉,1
细想,1
曲解,1
一圈,1
上爱上,1
背带,1
白去,1
用得上,1
生个,1
从前,1
时刻,1
九年,1
义务教育,1
数码,1
博主,1
春节,1
单位,1
人名,1
郑州,1
上层建筑,1
又会有,1
击穿,1
爱生,1
老来,1
只求,1
总体,1
讲白,1
化解,1
无时无刻,1
上要,1
早早,1
心同,1
客观现实,1
好比,1
球体,1
不单单是,1
出柜性,1
心理治疗,1
东亚,1
划清,1
边界,1
苏尚卿,1
三十,1
老去,1
年底,1
改正过来,1
口气,1
五味杂陈,1
算个,1
专家教授,1
信教,1
神能,1
定型,1
晴天霹雳,1
支棱,1
态度强硬,1
能不出,1
没人要,1
很勇,1
挺快,1
打光棍,1
坐牢,1
持久战,1
不算什么,1
熬过去,1
逼得,1
不求,1
幻想,1
一坨,1
再生产,1
男科,1
软磨硬泡,1
见见面,1
亮明,1
渗透,1
第二句,1
价格,1
日益,1
不恋,1
DY,1
车到山前必有路,1
船到桥头,1
您好,1
学法,1
至理名言,1
好怕,1
人体,1
肌肉,1
乐意,1
瞎操心,1
好了吗,1
讲通,1
没意思,1
同好,1
炒鸡,1
卡哇伊,1
婚前,1
协议,1
各取所需,1
改造,1
感到痛苦,1
长期存在,1
疏通,1
憋着,1
一时间,1
我教,1
摆烂,1
不讲道理,1
骗个,1
天晴,1
512,1
婆婆,1
老年痴呆,1
活生生,1
划分,1
水准,1
人去,1
没面子,1
劳心,1
劳力,1
八卦,1
一劳永逸,1
竹然,1
一毛,1
不准,1
必需品,1
小强,1
厨神,1
一梦,1
千年,1
君识,1
放大,1
另眼看待,1
黄片,1
惊慌失措,1
喷子,1
赚点,1
寻常路,1
不算数,1
小小的,1
承诺,1
晚会,1
儿去,1
没妈,1
没本事,1
塞北,1
君行,1
原先,1
太巧,1
核弹,1
小明,1
随便说说,1
预言家,1
全给,1
搁家,1
镜音,1
二胎,1
16,1
多要,1
先要,1
围着,1
养孙,1
优势,1
茶杯,1
所站,1
天,1
QwQ,1
金智,1
1000,1
公里,1
团子,1
er,1
放糖,1
栗子,1
牛笔,1
哄哄,1
截然不同,1
不讲理,1
隔三差五,1
昨晚,1
给我发,1
一通,1
地点,1
planet,1
334,1
先得,1
猫咪,1
安安,1
great,1
鸵鸟,1
拖延,1
不经,1
想来想去,1
过年,1
扯起来,1
大道理,1
没车,1
没房,1
好家伙,1
拍桌子,1
再说下去,1
吃完饭,1
回屋,1
锁门,1
看吧,1
医学院,1
停停,1
主相,1
RR,1
搞错,1
二天,1
九歌,1
传染病,1
季子,1
每隔,1
租房子,1
复诊,1
随口,1
医学界,1
病人,1
二顿,1
一斤,1
排骨,1
殷正拾,1
冷融,1
加一,1
神明,1
先天,1
本心,1
千千万万个,1
幸存者,1
谈婚论嫁,1
遇人不淑,1
孕期,1
上升期,1
从头来,1
OceanH6,1
高中历史,1
感悟,1
害人,1
几百块,1
变相,1
隐性,1
再放,1
说事,1
信以为真,1
搬出来,1
碳碳,1
{键,1
测过,1
智性,1
灾难,1
我想学,1
我觉,1
一刻起,1
分差,1
贪恋,1
性爱,1
清高,1
脱俗,1
外公,1
调和,1
污点,1
社交,1
喝多,1
解脱,1
来得,1
太快,1
行且,1
在此之前,1
拍醒,1
质问,1
足以,1
明确性,1
找准,1
接近,1
履行,1
难事,1
光记,1
老安,1
含辛茹苦,1
得知,1
恳求,1
婚纱照,1
祭日,1
正规,1
常识,1
推到,1
高声,1
这本,1
悟空,1
死成,1
出柜会,1
鸟肉,1
新闻资讯,1
宣传性,1
几百条,1
全在,1
伤风败俗,1
恐怖,1
秉承,1
交友,1
两者之间,1
黑得,1
需求,1
开绿灯,1
伪腐女,1
口号,1
合法性,1
帮不上,1
记载,1
互联网,1
聆听,1
傲慢,1
上课,1
看做,1
细分,1
泛性,1
移出,1
范畴,1
开除,1
有机,1
无机,1
大过天,1
不妥,1
不相干,1
迁就,1
爱情故事,1
一部,1
螺旋,1
升天,1
愚蠢,1
教派,1
头去,1
停止,1
低下,1
高谈阔论,1
至极,1
混蛋,1
yy,1
掰性,1
泛腐,1
必死,1
前不久,1
知识讲座,1
侮辱性,1
羞辱,1
大错,1
更何况,1
我本,1
过急,1
大打折扣,1
它会,1
光凭,1
脚跟,1
并不矛盾,1
退散,1
条例,1
慎重考虑,1
当前,1
中国国情,1
血淋淋,1
恶劣,1
铁零,1
纯真,1
朴素,1
白头到老,1
不由得,1
断层,1
倒也不是,1
人情,1
司法,1
考量,1
peace,1
小声,1
引发,1
自带,1
现行,1
须知,1
应尽,1
死死的,1
败给,1
Les,1
观众,1
老爷,1
错会,1
跨越,1
大半个,1
冲上去,1
紧紧,1
有恋,1
挺怕,1
满怀希望,1
不大能,1
逛街,1
习惯性,1
停下,1
脚步,1
冤枉,1
没读,1
脱节,1
推广,1
遮遮掩掩,1
羞耻,1
偷尝禁果,1
搞基,1
重申,1
搭理,1
黑色,1
hhhc,1
收悉,1
我拉出,1
反问,1
讲话,1
点头,1
早上,1
起不来,1
偷听,1
起哄,1
我住,1
上铺,1
醒过来,1
木马,1
豆花,1
咸甜党,1
假同,1
多乱,1
搞乱,1
月底,1
全国人大,1
委员会,1
推出,1
征询,1
法定程序,1
总数,1
计入,1
会议,1
报告,1
智齿,1
咫尺,1
知耻,1
直尺,1
指斥,1
至迟,1
装理,1
扣帽子,1
打脸,1
张嘴,1
马理,1
宁马,1
追过,1
男同事,1
一会儿,1
相遇,1
恰到好处,1
长远,1
相知,1
愿天下有,1
情人,1
异型,1
大同,1
天下为公,1
大家伙,1
监护,1
指定,1
签名,1
出面,1
斥骂,1
略微,1
笑容,1
姑姑,1
厉声,1
制止,1
慈爱,1
生厌,1
综合,1
不齐,1
隐私权,1
遏止,1
得太多,1
建国,1
父母之命,1
媒妁之言,1
独立思想,1
自由恋爱,1
三妻四妾,1
外来人口,1
增多,1
这词,1
纵容,1
愉悦,1
要紧,1
活用,1
2.3,1
两条,1
适用,1
难解,1
症状,1
腐女腐,1
男四R,1
赞扬,1
有多乱,1
制造,1
挺少,1
班级,1
男男好,1
Life,1
文字游戏,1
同等对待,1
悠悠的,1
难怪,1
秀气,1
胡子,1
喉结,1
现任,1
抱团,1
取暖,1
流毒,1
已久,1
名声,1
花式,1
space,1
别赞,1
性欲,1
有性,1
999999,1
烦人,1
不论什么,1
苦苦,1
没为,1
优越,1
受人,1
几千年,1
断袖之癖,1
看不上,1
心慌,1
好高骛远,1
不负责任,1
流言蜚语,1
索性,1
留下来,1
没满,1
天经地义,1
夺取,1
各人,1
含义,1
没嫩,1
甜就行,1
一包,1
称赞,1
辣鸡们,1
判定,1
高二出,1
一男一女,1
家业,1
模板,1
成功率,1
量化,1
活埋,1
搜刮,1
大龄,1
组建,1
如愿以偿,1
以此为荣,1
法不责众,1
吸烟,1
有害,1
禁掉,1
前行,1
控好,1
年酸,1
孙女,1
要不了,1
实话实说,1
不明朗,1
言之过早,1
央视,1
点名,1
鲁迅,1
先生,1
猛士,1
直面,1
惨淡,1
淋漓,1
鲜血,1
,1
^塘,1
]有Y,1
,1
r,1
看望,1
早些,1
原,1
活,1
那,1
H的,1
扇,1
^去,1
过有,1
算不上,1
憧憬,1
恋癌,1
恐二禁恋,1
深二禁恋,1
恋得,1
晚癌,1
晚艾,1
整得,1
瞧不起,1
没活,1
看久,1
在外,1
招蜂引蝶,1
难以启齿,1
那才,1
孙姓,1
夹带,1
私货,1
去学,1
马列,1
武装,1
一写,1
一语惊醒,1
梦中人,1
亲自,1
异口同声,1
神经,1
bing,1
我往,1
摊手,1
宽容度,1
毒打,1
平稳,1
吓人,1
逢年过节,1
聚会,1
人夫,1
一腿,1
绑住,1
蒙在鼓里,1
恐同症,1
令人讨厌,1
很正,1
开怼,1
认多,1
职高,1
自主,1
生硬,1
开回去,1
女性朋友,1
情商,1
混合双打,1
实名,1
心理变态,1
我该,1
待久,1
二十,1
本本,1
光光,1
LGBTQ,1
之情,1
角落,1
善待,1
阻挡,1
爱若,1
有何不可,1
结婚仪式,1
大家族,1
父方,1
母方,1
互相联系,1
密切,1
远方,1
表亲,1
姑奶奶,1
高于,1
值得尊敬,1
没病,1
世人,1
遍体鳞伤,1
言喻,1
相濡以沫,1
身后,1
不滥,1
很蠢,1
主题曲,1
一闪而过,1
蠢蠢欲动,1
承担责任,1
HIV,1
母婴,1
村有,1
跳江,1
死前,1
家境,1
开完,1
晚饭,1
邀请,1
差挺大,1
莫不是,1
脑壳,1
白养,1
姨妈,1
很近,1
表妹,1
仇富,1
纯碎,1
家园,1
爱女,1
卖腐骗,1
一转,1
慎重,1
特权,1
生孩,1
可选项,1
往坏,1
暴露出,1
时嘴,1
三四十岁,1
抚养,1
生产,1
穿着,1
仙女,1
职位,1
分班,1
播音,1
组里,1
学姐,1
快俩,1
惆怅,1
内部,1
心善,1
疾言厉色,1
堂堂正正,1
彩旗,1
社团,1
不许,1
磕糖,1
莫得,1
同时性,1
跟上,1
二次元,1
开阔,1
IS,1
面目全非,1
高人一等,1
宽恕,1
优惠待遇,1
第三者,1
而乱,1
不高不低,1
正正好好,1
画面,1
挺酸,1
美的,1
玩游戏,1
跪下,1
来求,1
痛哭,1
倾诉,1
阅历,1
舆论压力,1
抉择,1
会怕,1
周遭,1
离家出走,1
假象,1
处处,1
创伤,1
心理障碍,1
太极,1
微妙,1
会越,1
玩到,1
婆媳,1
非常容易,1
文科生,1
理会,1
拦住,1
封锁消息,1
离得,1
清华北大,1
突兀,1
转校,1
一分钟,1
AiDokd1H,1
电子版,1
手册,1
Aigkd40M,1
近期,1
覆盖,1
RmEzQR7,1
捆绑,1
不可分割,1
契约,1
界定,1
遗产,1
煽情,1
呼吁,1
具体内容,1
可行性,1
女孩儿,1
还长,1
迟来,1
这正,1
秉持,1
做点,1
愚昧,1
偏狭,1
甲米,1
海滩,1
彬彬有礼,1
想入非非,1
have,1
nice,1
day,1
道德败坏,1
老提,1
先验,1
中老年人,1
极难,1
保守主义,1
戴上,1
面具,1
殿堂,1
交个,1
太长,1
大约,1
阴暗,1
上网,1
压制住,1
安静,1
无力感,1
生而,1
曾,1
借著,1
聊新,1
C,1
日本,1
M,1
我^,1
手C,1
p描淡,1
仍f,1
刻骨,1
心,1
@有,1
稀奇,1
本,1
r,1
愣住,1
承J,1
@N,1
枕^,1
初音,1
未,1
手k,1
_定,1
不後悔,1
x,1
麻,1
@,1
鹘y,1
太鹘y,1
看,1
新,1
r候,1
不Y,1
先m,1
先不告V,1
回,1
状,1
二[,1
上吊,1
生不如死,1
F在,1
@,1
^一子,1
元女,1
趁^,1
快刀,1
y麻,1
y受,1
GAY,1
配套,1
保护意识,1
吵来吵去,1
聚焦,1
多层,1
谬误,1
根本就是,1
认识不清,1
原罪,1
而性,1
包含,1
两性关系,1
巨婴,1
出要,1
引领,1
社会意识,1
辩证,1
职能,1
趋向于,1
表征,1
浅陋,1
趋于,1
解决矛盾,1
主观唯心,1
严重错误,1
亲朋好友,1
恶人,1
一段话,1
能替,1
欧洲,1
光荣,1
免于,1
这特,1
特立独行,1
同种,1
不能允许,1
高等,1
支配,1
生物进化,1
侧面,1
各种因素,1
舞蹈,1
次元腐,1
激进,1
退避,1
近年来,1
真切,1
腐剧,1
勇于,1
爱嘛,1
无敌,1
杜绝,1
婚骗,1
收益,1
进行性,1
多才,1
悄悄,1
不由,1
lanjiao,1
安在,1
苟同,1
阿起,1
丝巾,1
一同,1
之心,1
不为,1
恶即,1
大善,1
报道,1
2000,1
多万,1
大势所趋,1
详细,1
民心所向,1
不久,1
一帆风顺,1
全班,1
众人,1
对我讲,1
合理化,1
文化素质,1
杀人,1
防火,1
可难,1
点人,1
上线,1
门槛,1
提上,1
议程,1
李银河,1
罢休,1
许多年,1
征求意见,1
网页,1
选第,1
提交,1
条中,1
一妻,1
一妻制,1
多妾,1
不断进步,1
提醒,1
举措,1
多项,1
比少,1
人口基数,1
推算,1
人口数量,1
行使,1
这一性,1
压迫,1
减轻,1
家庭和睦,1
祖宗,1
礼教,1
亲生子女,1
更想,1
美丽,1
上常因,1
等性,1
模糊不清,1
国际形象,1
保护性,1
现代化,1
转换,1
讲究,1
仅此而已,1
内陆,1
俩个,1
向来,1
日程,1
有太大,1
五岁,1
用心,1
得过且过,1
合伙人,1
单性,1
多种类型,1
并未,1
生命财产,1
高抬贵手,1
键盘,1
口吐,1
裤子,1
冷色,1
粉色,1
红色,1
大吵,1
好友,1
兴起,1
太有,1
两好,1
乖顺,1
不难,1
yys,1
坐标,1
全年,1
喝彩声,1
调笑,1
默默无闻,1
死亡,1
各方,1
挣得,1
细心,1
见解,1
身高,1
很粗,1
开着,1
拉过,1
吧唧,1
事不关己,1
高高挂起,1
偏要,1
PS,1
客观存在,1
严格,1
马赛克,1
实属,1
好玩,1
最起码,1
不满,1
助长,1
娘风,1
APP,1
23333,1
遥远,1
歌手,1
自家人,1
idol,1
思想解放,1
毫无顾忌,1
蔑视,1
笼统,1
固定,1
贵贱,1
深处,1
烟花,1
有感,1
X是,1
感X,1
不同于,1
不应,1
庇护,1
融洽,1
大势,1
叹口气,1
关掉,1
发泄,1
事后,1
合法权益,1
亲完,1
朱吐,1
口水,1
共和国,1
飘扬,1
旗帜,1
那请,1
近亲结婚,1
说会,1
戳心,1
花哨,1
围巾,1
反对票,1
弄得好,1
老老实实,1
尼玛,1
真给,1
人前,1
不堪,1
刘洋鸣,1
对得起,1
林林,1
丑陋,1
说散,1
散转,1
投小,1
清官难断,1
家务事,1
为林林,1
鸣不平,1
赋权,1
烦请,1
树立典型,1
身正,1
影直,1
生活作风,1
正畸,1
沾满,1
油污,1
遮羞布,1
掀开,1
污秽不堪,1
病变,1
聋哑人,1
国计民生,1
湾湾,1
远超,1
一两分钟,1
被删,1
智慧,1
靠拢,1
这一,1
血亲,1
北美,1
大开眼界,1
维权,1
团体,1
蹦达,1
腐圈,1
同人圈,1
填过,1
多带,1
胡玩,1
洁身自好,1
逆转,1
法国,1
全民,1
公投,1
下试,1
科学家,1
基因工程,1
对照组,1
恶语相向,1
安分,1
凭心,1
而论,1
将会,1
一大批,1
更改,1
不稳定性,1
青年,1
辩别,1
带入,1
歧途,1
抵制,1
感到高兴,1
老受,1
brother,1
群在,1
朱好,1
哔哩凉,1
联谊,1
选项,1
自然而然,1
合理合法,1
我酸,1
站名,1
人嘴,1
可真毒,1
开炮,1
凤凰,1
派出,1
记者,1
从佳,1
木林,1
缘于,1
放开手,1
真爱才,1
真爱二字,1
挡箭牌,1
肆意妄为,1
一己,1
私利,1
国人,1
姬崽们,1
基仔们,1
放手,1
不良,1
记里,1
苛求,1
通透,1
想尽,1
微薄,1
之力,1
口风,1
作家,1
会演,1
倒好,1
有段,1
口哨,1
愉悦感,1
67,1
入腐,1
言语,1
称不上,1
听过,1
虚幻,1
姐弟恋,1
师生恋,1
黄昏恋,1
合法权利,1
旁观,1
大娘,1
众生,1
之爱,1
男女老少,1
其缘,1
妙不可言,1
造物,1
拔高,1
有缘人,1
别问,1
记错,1
隐隐约约,1
坐过,1
今儿,1
remark,1
会求,1
内蒙古,1
刚出,1
哭成一团,1
客厅,1
woc,1
我个,1
Furry,1
控死,1
高赞,1
说句话,1
掉下来,1
无妨,1
身临其境,1
素不相识,1
效劳,1
wow,1
国度,1
倾尽全力,1
江西,1
赣州,1
新娘,1
当代,1
猝不及防,1
传统观念,1
牢固,1
帖子,1
一团糟,1
多元化,1
战胜,1
挺累,1
啥事,1
何在,1
仍然,1
大妈,1
无私,1
第三天,1
不减,1
有事,1
整懵逼,1
通情达理,1
被叫,1
成出,1
正儿,1
八紧,1
对外,1
泪弹,1
催下,1
筷子,1
姿势,1
一大家子,1
第二轮,1
投刷票,1
票数,1
相差太多,1
伸出,1
援手,1
from,1
timeline,1
isappinstalled,1
不关我事,1
人接,1
99%,1
那有,1
白人,1
堪称,1
抽象性,1
无谓,1
资金,1
动机,1
自由民主,1
公共场合,1
之下,1
声泪俱下,1
有句,1
说得好,1
吃瓜,1
幸亏,1
高二有,1
真女,1
有天,1
背书,1
搬张,1
入神,1
人高马大,1
栏杆,1
低头,1
低着头,1
喊要,1
哭腔,1
印记,1
stereotype,1
松动,1
坏事,1
男男才,1
左边,1
具象,1
说佛,1
相机,1
开成,1
餐桌上,1
嘴里,1
丢人现眼,1
就断,1
放在心里,1
快去,1
7sYSKFTHDu4,1
吸粉,1
赶个,1
时髦,1
凤凰网,1
挨骂,1
能生,1
好笑,1
很腐,1
歧义,1
同寝,1
我入,1
奇妙,1
整吐,1
发自,1
拍秀,1
淫秽,1
店当,1
服务员,1
时间段,1
两瓶,1
饮料,1
实习,1
经理,1
看上去,1
衷心祝福,1
真谛,1
独子,1
live,1
区有,1
多同,1
那刻,1
哭泣,1
求问,1
05,1
好几个,1
越南,1
岘港,1
第三遍,1
讲过,1
记不清,1
别搞,1
倒逼,1
比较支持,1
感恩,1
So,1
sweet,1
儒家思想,1
顶不住,1
令人,1
憎恶,1
个人感觉,1
贴心,1
打码,1
定居,1
理想信念,1
这有,1
不以为耻,1
相约,1
2040,1
沙滩,1
中说,1
自夸,1
天下大同,1
没少,1
出嫁,1
咱有,1
不揍,1
招人烦,1
hhhhhhhh,1
最合适,1
懵懂,1
沉迷于,1
谁谁谁,1
dvhdgdxhhd,1
公然,1
度会,1
送到,1
海边,1
中要,1
背负,1
过渡,1
关注度,1
新鲜度,1
变淡,1
腐朽,1
稳妥,1
只顾,1
抑制,1
复旦,1
不忍心,1
999,1
讲求,1
和而不同,1
中庸之道,1
一百多,1
微博有,1
深感,1
当年,1
交际圈,1
同辈,1
比出,1
从容,1
消解,1
重要性,1
播撒,1
驻于,1
问个,1
中世纪,1
火焚,1
99999999999,1
男卖腐,1
演直,1
躲藏,1
一大口,1
颜色,1
当今,1
人言可畏,1
相守,1
共渡,1
有份,1
有缘分,1
不负,1
无憾,1
此生,1
解除,1
不知所措,1
群里,1
儿媳妇儿,1
xXXXXX,1
白捡,1
高喊,1
辩白,1
有理,1
男比女,1
5000,1
辛福,1
下会,1
共情,1
人乱,1
名人,1
后宫,1
影视剧,1
情节,1
心理疾病,1
危害,1
私生活,1
创造,1
图灵,1
柴可夫斯基,1
王尔德,1
影视作品,1
男女双方,1
字词,1
稍作,1
调改,1
改用,1
无公害,1
恋在,1
高中班,1
事是,1
温温和和,1
普通班,1
快班,1
跟不上,1
上能,1
总爱,1
不太对,1
下半身,1
人爱上,1
说长,1
不长,1
两口子,1
买房,1
旅游,1
一能,1
二同,1
固定资产,1
投资,1
理财,1
就医,1
签字权,1
病情恶化,1
来源于,1
合肥,1
会办,1
引起,1
好奇心,1
双胞胎,1
千万种,1
违法犯罪,1
克服,1
艰难险阻,1
人爱,1
em,1
咋样,1
多彩,1
透彻,1
造物主,1
订下,1
食物链,1
顶端,1
年夜饭,1
心脏,1
数亿,1
底细,1
智人,1
人种,1
反恐,1
LGBTQIA,1
white,1
supremacy,1
九五,1
国籍,1
西安,1
自如,1
地帮,1
拍合,1
照玩,1
无畏,1
咄咄逼人,1
插手,1
磋磨,1
圆满,1
多性,1
恋泛,1
看得出,1
严惩,1
阿门,1
愿主,1
过审,1
前沿,1
别怕,1
请别,1
提议,1
随份子,1
工会,1
自闭,1
外形,1
自卑感,1
小蝌蚪,1
当养个,1
重心,1
转到,1
双向,1
而待,1
来个,1
后半生,1
心上人,1
路过,1
进群,1
加进去,1
每年,1
说句,1
有生,1
自然法则,1
爆粗,1
毛事,1
眼不见,1
心为,1
魑魅魍魉,1
协会,1
何来,1
一说,1
抗议,1
同行,1
着手,1
头条,1
百分之六七,1
高些,1
字幕,1
穆棱,1
恋是,1
人太乱,1
连爱,1
表达出来,1
更是,1
形形色色,1
投上,1
更多后,1
投入,1
万恶,1
思想束缚,1
有群,1
拉进去,1
人际交往,1
同异,1
变法,1
流血,1
才行,1
打动,1
妒忌,1
接确,1
导向性,1
圈外人,1
说句实话,1
落泪,1
注册,1
会员,1
落实,1
补全,1
修正,1
法家,1
门徒,1
微小,1
mikmRYCeOddzs,1
ZLr4CX3Q,1
npc,1
gov,1
flcaw,1
userIndex,1
html,1
lid,1
ff8080816e15a9a9016e168f5636005d,1
意见栏,1
宪法,1
第四十九条,1
法系,1
编中,1
该编,1
法条,1
每位,1
不留,1
佛家,1
儒家,1
腐龄,1
莫过于,1
骗爱骗,1
白发苍苍,1
十指,1
相扣,1
走过,1
顿住,1
劝劝,1
半出,1
惋惜,1
溜走,1
路太难,1
线外,1
太低,1
闲闲,1
英国首相,1
卡梅伦,1
When,1
people,1
divided,1
by,1
it,1
the,1
that,1
needs,1
to,1
change,1
同形,1
前一天,1
行婚,1
和平共处,1
南宁,1
微博给,1
说不上,1
爱不爱,1
怪怪的,1
眉眼,1
光想,1
圆润,1
细节,1
相待,1
加个,1
heterosexual,1
雨衣,1
No,1
way,1
清除,1
妖魔化,1
女看,1
腐但,1
不支,1
词成,1
代称,1
鼓掌,1
风雨,1
老话,1
六九,1
凄惨,1
男多,1
女少,1
多个,1
后生,1
到头来,1
受害,1
爷孙,1
一笑置之,1
是非,1
要乱,1
抱住,1
区别对待,1
买到,1
苹果,1
Co84Milu,1
OFIqmIV5KI38Q,1
临床,1
一班,1
题选,1
不胜,1
摄影,1
大赛,1
合影,1
复赛,1
黑山,1
榴莲,1
老龄化,1
白首,1
不相离,1
太弱,1
羞羞,1
太晚,1
意见书,1
能活,1
小天使,1
人大常委会,1
发言人,1
记者会,1
VICE,1
OMG,1
多一些,1
示范,1
淡化,1
界限,1
淡漠,1
富饶,1
不带,1
怎样才能,1
释然,1
强加于人,1
无可,1
挽救,1
赞赞赞,1
防女,1
男小三,1
别骗,1
亲嘴,1
良心,1
婆媳关系,1
人点,1
彼此间,1
搀扶,1
不敢相信,1
怪罪,1
机率,1
太高,1
潜在,1
内涵,1
天然,1
肩负起,1
夫妇,1
很土,1
很俗,1
科技,1
卸下来,1
趋向,1
不值钱,1
光是在,1
挺为,1
单着,1
正轨,1
37,1
仿佛,1
衣柜,1
鞋架,1
死去活来,1
无分,1
一了百了,1
阎王殿,1
不收,1
救回来,1
浑浑噩噩,1
爱戴,1
他娘,1
永恒,1
踏马,1
滚蛋,1
带动,1
GDP,1
多提,1
当爱来,1
临时,1
宣不,1
节目,1
实质,1
嘴硬,1
传销,1
鞭子,1
怪不得,1
永久,1
马桶,1
黑夜,1
男挺帅,1
乱状,1
抱有,1
消费,1
独处,1
合法婚姻,1
真受不了,1
两岁半,1
戏多,1
活才,1
kiss,1
艰辛,1
说不出口,1
失恋,1
失眠,1
痛哭流涕,1
三岁,1
hape,1
反同者,1
值个,1
主张,1
救赎,1
总比,1
田园,1
男伴,1
双份,1
工资,1
双倍,1
房车,1
两套,1
得来,1
恰巧是,1
小朱,1
超棒,1
跑题,1
放到,1
同走,1
核幕立,1
皮鞭,1
走向,1
从此以后,1
生死,1
主体,1
本源,1
后来者,1
野蛮,1
告一段落,1
前路,1
未知,1
生在,1
资源,1
美国民主党,1
身影,1
ngo,1
资助,1
中奖,1
99a,1
单个,1
崽种,1
泥里,1
别得,1
批准,1
攻受,1
弱智,1
三百,1
回合,1
人连,1
不顾一切,1
添麻烦,1
爱死,1
爱活,1
每份,1
平等权利,1
父母亲,1
相妥,1
一小部分,1
最最,1
双性人,1
出自,1
比同,1
伤即,1
以真爱,1
党接,1
原句,1
娶妻,1
Thank,1
next,1
控下,1
下载,1
专栏,1
上个月,1
时说,1
呆呆,1
人母,1
在场,1
长大成人,1
活该,1
太装,1
不缺,1
说道,1
fake,1
哲学家,1
抛除,1
皮囊,1
在校,1
在内,1
单靠,1
群体性,1
集会,1
倡议,1
尊敬,1
是否是,1
民粹,1
礼法,1
有法,1
编三,1
审稿,1
31,1
提次,1
第三次,1
征集,1
页面,1
一技傍身,1
圈里,1
story,1
妖里妖气,1
黑丝袜,1
紧身,1
毛衣,1
还画,1
浓妆,1
肤色,1
多大点,1
人受,1
许许多多,1
9012,1
无比,1
人生目标,1
赢家,1
人兽,1
叫好,1
插句,1
弯弯,1
选举,1
蛮多,1
边陲,1
小镇,1
出行,1
everything,1
be,1
当妈,1
真不容易,1
山东,1
威海,1
乍一看,1
外放,1
内地,1
打心,1
那步,1
太阳,1
老先生,1
same,1
浪漫主义,1
适度,1
想得到,1
彩色,1
群是,1
同爱,1
不已,1
耍流氓,1
时尚,1
食色性也,1
取代,1
游行,1
出格,1
白左们,1
强烈推荐,1
女主,1
这部,1
怪物,1
从小到大,1
熏熏,1
暖暖的,1
最广,1
怎么回事,1
点好,1
很配,1
特好,1
大,1
s快,1
py,1
那点,1
exexexexexex,1
但怕,1
......,1
各有不同,1
寄托,1
蛮高,1
历程,1
神奇,1
听错,1
手中,1
柠檬,1
变甜,1
双偏,1
纯同,1
后路,1
频繁,1
濒临,1
社交圈子,1
比重,1
增大,1
群居动物,1
认同感,1
成天,1
煞笔,1
高低,1
错别字,1
不利于,1
愈加,1
婚姻关系,1
大量,1
不下,1
死肥宅,1
两点,1
惩治,1
会有,1
抵达,1
目的地,1
怀挺,1
成同,1
博君,1
一肖看,1
politics,1
拔刀,1
很烂,1
必经之路,1
不乏,1
没脑子,1
远离,1
分界,1
猥亵罪,1
搔扰,1
试一,1
场面,1
血腥,1
省略,1
善心,1
大发,1
大赦天下,1
痴心妄想,1
做手术,1
指日可待,1
首要,1
现场,1
同感,1
同会,1
杀掉,1
我原,1
男同胞,1
巴拉巴,1
拳师,1
只会拉黑,1
讲座,1
力度,1
网络小说,1
刻意模仿,1
神秘,1
越想,1
受孕,1
等同于,1
铁零是,1
借用,1
该是,1
一拳,1
放在心上,1
必然趋势,1
质量,1
成本,1
过高,1
少生,1
小到,1
忽略不计,1
板上钉钉,1
显示,1
低俗,1
snh,1
48,1
出路,1
愈发,1
见光,1
男丁,1
全去,1
争当,1
基本权利,1
笨蛋,1
长短,1
言简意赅,1
词有,1
脑残,1
摸摸头,1
人会用,1
不扯,1
der,1
分泌,1
激素,1
y1s1,1
大白兔,1
奶糖,1
众望所归,1
孙笑川,1
律师,1
公证,1
远不止,1
词句,1
财产继承,1
制度,1
劳动,1
刑事法律,1
性犯罪,1
风俗,1
定罪,1
量刑,1
管控,1
反弹,1
总量,1
规则,1
断然,1
压制,1
感性,1
立法机关,1
调研,1
竞选,1
拉选票,1
支持率,1
聚集地,1
总人口,1
环境影响,1
Sorry,1
说了算,1
未婚夫,1
下发,1
热度,1
别干,1
尺度,1
不大可能,1
滞后性,1
尽早,1
打消念头,1
源头,1
大华,1
国没能,1
完好,1
两性知识,1
性知识,1
性意识,1
端正,1
更别,1
很脏,1
展现,1
这群,1
探索,1
犯错,1
惹事,1
冷到,1
诺堡,1
汉斯,1
不近人情,1
等价交换,1
牺牲,1
还债,1
见谅,1
可信,1
大方向,1
这会,1
正义感,1
待见,1
该要,1
社会性,1
网游,1
连续,1
好几年,1
制作,1
大火,1
一帮,1
直男发,1
负面,1
几件,1
满天飞,1
近乎,1
全裸,1
换成,1
黄图,1
新浪,1
整改,1
芜湖,1
鸠江区,1
公园,1
公厕,1
亲眼见到,1
清秀,1
将手,1
伸到,1
胯下,1
胳膊肘,1
撞开,1
呼吸,1
急促,1
浑身上下,1
后背,1
冷汗,1
肾上腺素,1
升起,1
这事,1
侄子,1
零食,1
图画,1
扯蛋,1
看官,1
老夫老妻,1
手臂,1
笑笑,1
该放,1
学习成绩,1
纳闷,1
高中生物,1
直截,1
翻看,1
心口,1
操心,1
小两口,1
恐恋,1
橘子,1
rt,1
mbd,1
baidu,1
21a7c1g,1
20f4a960f1dd1eed,1
学者,1
同一个,1
椰柒柒,1
杠杠,1
社恐,1
花臂,1
旷阔,1
马路上,1
马路,1
娘炮,1
虚假,1
乐队,1
艺术,1
气息,1
涂鸦,1
滑板,1
解放,1
心语,1
事嘛,1
相提并论,1
御坂,1
714,1
投稿,1
审核,1
圈地,1
自萌,1
挡住,1
过滤,1
主打,1
通狗Z,1
人通,1
六佰白百,1
别点,1
真鸡儿,1
还点,1
有限,1
篇幅,1
一千多万,1
惦记,1
轻飘飘,1
数千万,1
不谢,1
精准,1
扶贫,1
打个,1
不见,1
没上,1
没学过,1
全死,1
绝会,1
中所带,1
祖祖辈辈,1
几世纪,1
基数,1
生物界,1
雌雄,1
共体,1
六十年代,1
过谣,1
奉劝,1
宁读,1
点书,1
伪科学,1
作业,1
伤天害理,1
躲起来,1
夹着尾巴,1
二等,1
呼和浩特,1
听听,1
给爷,1
求助,1
排除,1
动物界,1
肉长,1
特质,1
展露出,1
敢不敢,1
面对面,1
学来,1
良好,1
取得联系,1
别玩,1
太过分,1
白色,1
山茶,1
傍君开,1
yw,1
一查,1
7%,1
逗笑,1
现学现卖,1
唉声叹气,1
这么着,1
转告,1
笑对人生,1
比口心,1
合一,1
好太多,1
整合,1
雇佣兵,1
被车撞,1
贩毒,1
拜金,1
虚荣,1
挺乱,1
呆头,1
飞兔,1
影之王,1
同人,1
干净,1
染上,1
骗钱,1
一锅粥,1
种病,1
灵气,1
小僧,1
东正教,1
宗教,1
无神论,1
俄国,1
公序良,1
预先,1
抢位,1
购票,1
携亲,1
带友,1
尽享,1
海上,1
之旅,1
预报名,1
大罪,1
体液,1
交换,1
却没能,1
获利,1
暴力,1
老年人,1
人口减少,1
装作,1
会变,1
看清,1
爱意,1
Mm,1
舒心,1
从未见过,1
哔站,1
非我族类,1
其心,1
必异,1
当鸭,1
点数,1
苛责,1
100%,1
绯羽,1
漠漠,1
UNIQ,1
合体,1
更新换代,1
虽慢,1
不常,1
分庭抗礼,1
封建思想,1
择偶,1
偏远地区,1
发达,1
奈何,1
穿堂风,1
三倍,1
饼干,1
应得,1
意境,1
菊花,1
成大,1
鸡蛋,1
蛋蛋,1
搂抱,1
亲昵,1
猥亵,1
纯正,1
读点,1
浮躁,1
活成,1
正直,1
担当,1
比不上,1
国民素质,1
充分,1
速度,1
房灰冯,1
有车有房,1
出令,1
一个多,1
风落,1
归处,1
不高,1
虞梓,1
明代,1
传教士,1
干活,1
全都,1
非杠,1
秋书,1
一诺,1
360,1
飞天,1
MuuurphyJ,1
震撼,1
驴唇不对马嘴,1
纠缠,1
蜜汁,1
混为一谈,1
青椒,1
LordFlower,1
操之过急,1
阿尔卑,1
双剑,1
腿毛,1
AquariusSage,1
启发,1
可大,1
死物,1
难不成,1
恋尸癖,1
鬼行安,1
大张旗鼓,1
限于,1
生殖,1
中心,1
客源,1
客观事实,1
任由,1
谈何,1
多不婚,1
锅汤,1
sjb,1
地下,1
看得见,1
作死,1
未遂,1
没直,1
真直,1
木易,1
拉拢,1
警惕,1
不提,1
提防,1
被害,1
妄想症,1
潜移默化,1
怎么着,1
数光,1
09,1
不改,1
稀少,1
多虑,1
头上,1
莫须有,1
可不,1
失心,1
光影,1
Hl,1
中二,1
视感,1
咸恩静,1
聚聚,1
黔青,1
白头偕老,1
女直,1
男们,1
干什么,1
尘华,1
捏造,1
真酱,1
七十,1
孕妇,1
体重,1
猛涨,1
学医,1
使劲儿,1
吸收,1
够用,1
特胖,1
遭罪,1
太胖,1
不差,1
两斤,1
那罪,1
一棍子,1
轮过去,1
对立面,1
美好生活,1
添堵,1
冷漠,1
肺腑之言,1
蝴蝶,1
福造,1
打压,1
一时半会,1
少说废话,1
悲剧,1
永无止境,1
腐女菌,1
行么,1
爱识,1
魔鬼,1
赏月,1
致命,1
96%,1
拖后腿,1
本末倒置,1
回看,1
一时期,1
阻挠,1
惨烈,1
碎念,1
一肚子,1
买高达,1
询问,1
需不需要,1
补充,1
摆出来,1
现实存在,1
交谈,1
脱单,1
畸形,1
怪诞,1
我举,1
判断能力,1
一代代,1
听懂,1
hxd,1
刷下来,1
说说看,1
用做,1
带汐川酱,1
奇葩,1
预谋,1
占领,1
主哈,1
保持沉默,1
丹麦,1
普遍存在,1
交配,1
捕食,1
求偶,1
术语,1
机制,1
失调,1
别乱,1
圈里人,1
说接,1
服从,1
第二种,1
努力创造,1
物质条件,1
白狐,1
浪子,1
狐浪,1
关照,1
玻璃心,1
违规,1
幼稚园,1
喝奶,1
传染,1
书上,1
看腐,1
认同度,1
一批,1
较大,1
改观,1
BBC,1
拍摄,1
走出,1
阴霾,1
预防措施,1
二级,1
一团,1
毛线,1
迫切需要,1
翻天,1
zzzq,1
自由主义,1
浪潮,1
席卷,1
全球,1
真多,1
直系,1
两类,1
搞直,1
1074580723,1
附近,1
种子,1
萌芽,1
之处,1
倒闭,1
动脑子,1
沉溺于,1
拒绝接受,1
固化,1
口舌之利,1
爆棚,1
广吧,1
一天到晚,1
正常化,1
悲凉,1
zq,1
斯芬克斯,1
江湖人称,1
七爷,1
假腐女,1
玻璃,1
花草,1
糯米,1
胖滋,1
咕噜,1
王子,1
意味,1
追求者,1
忘带,1
钥匙,1
青藤,1
带图,1
客服,1
叫唤,1
发言,1
枸杞茶,1
附带,1
验证,1
刻薄,1
家伙,1
二闹,1
三上,1
悠,1
爆料,1
既要,1
法律承认,1
瞎搞,1
近亲,1
抽肿,1
叶寒汐,1
95,1
生物课,1
hamishholms,1
多人骗,1
意大利,1
面吃,1
资本主义,1
传进,1
敌人,1
颤栗,1
杀生丸,1
Ta,1
一惊,1
一痛,1
苏尽,1
上发,1
国歌,1
一点儿,1
建的国,1
女太多,1
积累,1
一百多年,1
能比,1
生产力,1
层主,1
_-,1
DominiC,1
-_,1
学术界,1
更新,1
民间,1
声浪,1
改成,1
除病,1
貌似,1
无可救药,1
wonderful,1
科普知识,1
个人行为,1
三级,1
真腐,1
疑虑,1
急迫,1
中会,1
泥潭,1
急需,1
改进,1
Banrii,1
追赶,1
少见,1
多怪,1
人不爱,1
大都会,1
字体,1
现出,1
同一,1
岗位,1
异曲同工,1
之妙,1
多得多,1
生错,1
染色体,1
乐趣,1
引起反感,1
几百,1
卫生,1
九成,1
受害者,1
暴率,1
育儿,1
平均分,1
最大化,1
激励,1
自觉性,1
太行,1
成百上千,1
达尔文,1
进化论,1
淘汰,1
爷们,1
猪大,1
想火想,1
琢磨,1
亲生父母,1
抛弃,1
恶熏,1
亚子,1
遵从,1
亲师,1
纲常,1
吵过,1
不孝,1
12.1,1
人民日报,1
最新,1
73.7%,1
23.0%,1
儿童,1
分辨,1
哄骗,1
38,1
是非观,1
复习,1
陆海,1
这段话,1
养成,1
当街,1
大小便,1
制裁,1
灭亡,1
刷新,1
好烦,1
仔细,1
落寞,1
落幕,1
小将,1
学个,1
污染,1
花朵,1
浓厚,1
隔阂,1
荷兰,1
圈内,1
前先,1
不小,1
受益人,1
赡养,1
上见,1
二八,1
定律,1
又称,1
法则,1
次要,1
绿帽,1
睿智,1
发展中国家,1
社会福利,1
安度晚年,1
个球,1
民情,1
断掉,1
老一代,1
自诩,1
梅毒,1
